Inventory_ID,Warehouse_ID,Product_ID,Quantity_On_Hand,Reorder_Level,Last_Updated
1,1,1,266,43,2026-07-13
2,1,2,320,21,2026-07-13
3,1,3,77,10,2026-07-13
4,1,4,367,11,2026-07-13
5,1,5,237,38,2026-07-13
6,1,6,162,17,2026-07-13
7,1,7,359,26,2026-07-13
8,1,8,470,44,2026-07-13
9,1,9,183,48,2026-07-13
10,1,10,156,15,2026-07-13
11,1,11,160,17,2026-07-13
12,1,12,416,30,2026-07-13
13,1,13,452,10,2026-07-13
14,1,14,252,22,2026-07-13
15,1,15,490,26,2026-07-13
16,1,16,326,29,2026-07-13
17,1,17,36,32,2026-07-13
18,1,18,475,29,2026-07-13
19,1,19,302,23,2026-07-13
20,1,20,229,49,2026-07-13
21,1,21,403,48,2026-07-13
22,1,22,429,17,2026-07-13
23,1,23,227,17,2026-07-13
24,1,24,330,22,2026-07-13
25,1,25,495,29,2026-07-13
26,1,26,187,44,2026-07-13
27,1,27,241,50,2026-07-13
28,1,28,436,11,2026-07-13
29,1,29,279,44,2026-07-13
30,1,30,144,22,2026-07-13
31,1,31,267,50,2026-07-13
32,1,32,210,39,2026-07-13
33,1,33,175,39,2026-07-13
34,1,34,249,17,2026-07-13
35,1,35,245,22,2026-07-13
36,1,36,130,18,2026-07-13
37,1,37,374,43,2026-07-13
38,1,38,325,50,2026-07-13
39,1,39,381,29,2026-07-13
40,1,40,250,11,2026-07-13
41,1,41,315,23,2026-07-13
42,1,42,113,22,2026-07-13
43,1,43,261,46,2026-07-13
44,1,44,24,30,2026-07-13
45,1,45,466,36,2026-07-13
46,1,46,83,45,2026-07-13
47,1,47,355,23,2026-07-13
48,1,48,275,37,2026-07-13
49,1,49,272,49,2026-07-13
50,1,50,231,47,2026-07-13
51,1,51,38,13,2026-07-13
52,1,52,50,21,2026-07-13
53,1,53,132,12,2026-07-13
54,1,54,13,15,2026-07-13
55,1,55,332,14,2026-07-13
56,1,56,72,13,2026-07-13
57,1,57,162,31,2026-07-13
58,1,58,228,41,2026-07-13
59,1,59,336,27,2026-07-13
60,1,60,282,10,2026-07-13
61,1,61,74,31,2026-07-13
62,1,62,365,30,2026-07-13
63,1,63,163,44,2026-07-13
64,1,64,353,18,2026-07-13
65,1,65,137,50,2026-07-13
66,1,66,206,32,2026-07-13
67,1,67,447,32,2026-07-13
68,1,68,283,46,2026-07-13
69,1,69,303,32,2026-07-13
70,1,70,71,45,2026-07-13
71,1,71,496,32,2026-07-13
72,1,72,218,37,2026-07-13
73,1,73,387,14,2026-07-13
74,1,74,172,35,2026-07-13
75,1,75,484,17,2026-07-13
76,1,76,427,21,2026-07-13
77,1,77,230,26,2026-07-13
78,1,78,46,10,2026-07-13
79,1,79,71,48,2026-07-13
80,1,80,285,37,2026-07-13
81,1,81,65,45,2026-07-13
82,1,82,58,47,2026-07-13
83,1,83,290,18,2026-07-13
84,1,84,343,30,2026-07-13
85,1,85,303,18,2026-07-13
86,1,86,167,42,2026-07-13
87,1,87,199,17,2026-07-13
88,1,88,329,41,2026-07-13
89,1,89,212,25,2026-07-13
90,1,90,210,12,2026-07-13
91,1,91,303,47,2026-07-13
92,1,92,478,22,2026-07-13
93,1,93,276,33,2026-07-13
94,1,94,330,42,2026-07-13
95,1,95,352,23,2026-07-13
96,1,96,298,42,2026-07-13
97,1,97,355,43,2026-07-13
98,1,98,203,40,2026-07-13
99,1,99,236,42,2026-07-13
100,1,100,457,24,2026-07-13
101,1,101,129,44,2026-07-13
102,1,102,179,14,2026-07-13
103,1,103,187,36,2026-07-13
104,1,104,494,37,2026-07-13
105,1,105,459,38,2026-07-13
106,1,106,191,29,2026-07-13
107,1,107,244,48,2026-07-13
108,1,108,119,18,2026-07-13
109,1,109,112,31,2026-07-13
110,1,110,217,25,2026-07-13
111,1,111,20,21,2026-07-13
112,1,112,219,16,2026-07-13
113,1,113,120,18,2026-07-13
114,1,114,167,37,2026-07-13
115,1,115,186,31,2026-07-13
116,1,116,181,20,2026-07-13
117,1,117,448,35,2026-07-13
118,1,118,143,35,2026-07-13
119,1,119,233,22,2026-07-13
120,1,120,237,13,2026-07-13
121,1,121,373,15,2026-07-13
122,1,122,256,41,2026-07-13
123,1,123,334,48,2026-07-13
124,1,124,481,29,2026-07-13
125,1,125,30,23,2026-07-13
126,1,126,440,26,2026-07-13
127,1,127,287,28,2026-07-13
128,1,128,98,16,2026-07-13
129,1,129,326,49,2026-07-13
130,1,130,408,24,2026-07-13
131,1,131,105,47,2026-07-13
132,1,132,272,26,2026-07-13
133,1,133,80,42,2026-07-13
134,1,134,484,49,2026-07-13
135,1,135,497,21,2026-07-13
136,1,136,259,45,2026-07-13
137,1,137,127,41,2026-07-13
138,1,138,493,10,2026-07-13
139,1,139,425,15,2026-07-13
140,1,140,359,13,2026-07-13
141,1,141,72,21,2026-07-13
142,1,142,426,26,2026-07-13
143,1,143,15,21,2026-07-13
144,1,144,173,40,2026-07-13
145,1,145,323,18,2026-07-13
146,1,146,290,18,2026-07-13
147,1,147,63,27,2026-07-13
148,1,148,479,50,2026-07-13
149,1,149,122,42,2026-07-13
150,1,150,159,42,2026-07-13
151,1,151,335,34,2026-07-13
152,1,152,359,40,2026-07-13
153,1,153,443,39,2026-07-13
154,1,154,56,26,2026-07-13
155,1,155,376,50,2026-07-13
156,1,156,217,45,2026-07-13
157,1,157,348,31,2026-07-13
158,1,158,480,15,2026-07-13
159,1,159,195,39,2026-07-13
160,1,160,162,40,2026-07-13
161,1,161,134,33,2026-07-13
162,1,162,373,13,2026-07-13
163,1,163,295,31,2026-07-13
164,1,164,24,26,2026-07-13
165,1,165,341,20,2026-07-13
166,1,166,65,28,2026-07-13
167,1,167,467,35,2026-07-13
168,1,168,436,46,2026-07-13
169,1,169,244,35,2026-07-13
170,1,170,121,23,2026-07-13
171,1,171,420,28,2026-07-13
172,1,172,174,20,2026-07-13
173,1,173,220,39,2026-07-13
174,1,174,186,23,2026-07-13
175,1,175,35,25,2026-07-13
176,1,176,304,19,2026-07-13
177,1,177,247,20,2026-07-13
178,1,178,202,20,2026-07-13
179,1,179,174,16,2026-07-13
180,1,180,473,14,2026-07-13
181,1,181,365,25,2026-07-13
182,1,182,457,36,2026-07-13
183,1,183,325,35,2026-07-13
184,1,184,273,15,2026-07-13
185,1,185,214,15,2026-07-13
186,1,186,138,27,2026-07-13
187,1,187,27,13,2026-07-13
188,1,188,276,27,2026-07-13
189,1,189,355,17,2026-07-13
190,1,190,172,35,2026-07-13
191,1,191,324,42,2026-07-13
192,1,192,17,25,2026-07-13
193,1,193,107,48,2026-07-13
194,1,194,474,11,2026-07-13
195,1,195,423,41,2026-07-13
196,1,196,96,50,2026-07-13
197,1,197,74,41,2026-07-13
198,1,198,31,34,2026-07-13
199,1,199,388,49,2026-07-13
200,1,200,459,30,2026-07-13
201,1,201,344,12,2026-07-13
202,1,202,204,43,2026-07-13
203,1,203,407,33,2026-07-13
204,1,204,390,44,2026-07-13
205,1,205,210,23,2026-07-13
206,1,206,248,16,2026-07-13
207,1,207,234,14,2026-07-13
208,1,208,394,12,2026-07-13
209,1,209,171,20,2026-07-13
210,1,210,235,29,2026-07-13
211,1,211,444,10,2026-07-13
212,1,212,121,35,2026-07-13
213,1,213,435,45,2026-07-13
214,1,214,191,10,2026-07-13
215,1,215,112,23,2026-07-13
216,1,216,160,28,2026-07-13
217,1,217,401,46,2026-07-13
218,1,218,400,28,2026-07-13
219,1,219,475,21,2026-07-13
220,1,220,301,22,2026-07-13
221,1,221,376,17,2026-07-13
222,1,222,476,42,2026-07-13
223,1,223,378,16,2026-07-13
224,1,224,330,16,2026-07-13
225,1,225,83,16,2026-07-13
226,1,226,175,16,2026-07-13
227,1,227,110,29,2026-07-13
228,1,228,348,43,2026-07-13
229,1,229,105,17,2026-07-13
230,1,230,295,13,2026-07-13
231,1,231,202,25,2026-07-13
232,1,232,483,22,2026-07-13
233,1,233,97,40,2026-07-13
234,1,234,310,22,2026-07-13
235,1,235,320,34,2026-07-13
236,1,236,143,36,2026-07-13
237,1,237,30,17,2026-07-13
238,1,238,89,22,2026-07-13
239,1,239,17,43,2026-07-13
240,1,240,31,29,2026-07-13
241,1,241,304,36,2026-07-13
242,1,242,346,48,2026-07-13
243,1,243,229,29,2026-07-13
244,1,244,404,31,2026-07-13
245,1,245,238,46,2026-07-13
246,1,246,292,48,2026-07-13
247,1,247,239,42,2026-07-13
248,1,248,326,22,2026-07-13
249,1,249,156,33,2026-07-13
250,1,250,180,28,2026-07-13
251,1,251,176,34,2026-07-13
252,1,252,315,41,2026-07-13
253,1,253,377,44,2026-07-13
254,1,254,403,18,2026-07-13
255,1,255,13,28,2026-07-13
256,1,256,369,25,2026-07-13
257,1,257,463,32,2026-07-13
258,1,258,271,44,2026-07-13
259,1,259,376,47,2026-07-13
260,1,260,58,19,2026-07-13
261,1,261,72,50,2026-07-13
262,1,262,339,40,2026-07-13
263,1,263,261,36,2026-07-13
264,1,264,12,38,2026-07-13
265,1,265,162,19,2026-07-13
266,1,266,324,19,2026-07-13
267,1,267,339,39,2026-07-13
268,1,268,303,38,2026-07-13
269,1,269,277,27,2026-07-13
270,1,270,55,12,2026-07-13
271,1,271,357,27,2026-07-13
272,1,272,309,30,2026-07-13
273,1,273,275,48,2026-07-13
274,1,274,281,16,2026-07-13
275,1,275,330,36,2026-07-13
276,1,276,210,37,2026-07-13
277,1,277,168,14,2026-07-13
278,1,278,155,18,2026-07-13
279,1,279,212,43,2026-07-13
280,1,280,36,35,2026-07-13
281,1,281,35,46,2026-07-13
282,1,282,331,10,2026-07-13
283,1,283,460,16,2026-07-13
284,1,284,203,31,2026-07-13
285,1,285,289,20,2026-07-13
286,1,286,434,16,2026-07-13
287,1,287,101,49,2026-07-13
288,1,288,174,29,2026-07-13
289,1,289,71,13,2026-07-13
290,1,290,468,45,2026-07-13
291,1,291,444,15,2026-07-13
292,1,292,82,24,2026-07-13
293,1,293,83,24,2026-07-13
294,1,294,324,49,2026-07-13
295,1,295,124,18,2026-07-13
296,1,296,147,10,2026-07-13
297,1,297,413,35,2026-07-13
298,1,298,466,25,2026-07-13
299,1,299,187,32,2026-07-13
300,1,300,126,15,2026-07-13
301,1,301,432,33,2026-07-13
302,1,302,369,41,2026-07-13
303,1,303,65,30,2026-07-13
304,1,304,259,43,2026-07-13
305,1,305,471,24,2026-07-13
306,1,306,154,32,2026-07-13
307,1,307,264,28,2026-07-13
308,1,308,124,18,2026-07-13
309,1,309,427,49,2026-07-13
310,1,310,210,33,2026-07-13
311,1,311,483,44,2026-07-13
312,1,312,40,10,2026-07-13
313,1,313,188,21,2026-07-13
314,1,314,304,25,2026-07-13
315,1,315,427,37,2026-07-13
316,1,316,95,41,2026-07-13
317,1,317,322,25,2026-07-13
318,1,318,381,42,2026-07-13
319,1,319,147,36,2026-07-13
320,1,320,369,12,2026-07-13
321,1,321,121,44,2026-07-13
322,1,322,175,16,2026-07-13
323,1,323,47,50,2026-07-13
324,1,324,356,29,2026-07-13
325,1,325,126,31,2026-07-13
326,1,326,294,25,2026-07-13
327,1,327,120,15,2026-07-13
328,1,328,377,26,2026-07-13
329,1,329,209,18,2026-07-13
330,1,330,106,28,2026-07-13
331,1,331,281,42,2026-07-13
332,1,332,291,31,2026-07-13
333,1,333,13,38,2026-07-13
334,1,334,240,28,2026-07-13
335,1,335,346,32,2026-07-13
336,1,336,442,25,2026-07-13
337,1,337,377,20,2026-07-13
338,1,338,24,26,2026-07-13
339,1,339,483,37,2026-07-13
340,1,340,365,27,2026-07-13
341,1,341,376,48,2026-07-13
342,1,342,130,28,2026-07-13
343,1,343,290,49,2026-07-13
344,1,344,356,26,2026-07-13
345,1,345,368,43,2026-07-13
346,1,346,113,12,2026-07-13
347,1,347,20,14,2026-07-13
348,1,348,327,29,2026-07-13
349,1,349,324,16,2026-07-13
350,1,350,75,20,2026-07-13
351,1,351,390,20,2026-07-13
352,1,352,50,46,2026-07-13
353,1,353,196,29,2026-07-13
354,1,354,341,43,2026-07-13
355,1,355,361,29,2026-07-13
356,1,356,492,15,2026-07-13
357,1,357,428,45,2026-07-13
358,1,358,195,18,2026-07-13
359,1,359,50,34,2026-07-13
360,1,360,165,47,2026-07-13
361,1,361,218,18,2026-07-13
362,1,362,360,20,2026-07-13
363,1,363,227,21,2026-07-13
364,1,364,331,22,2026-07-13
365,1,365,37,48,2026-07-13
366,1,366,322,22,2026-07-13
367,1,367,160,37,2026-07-13
368,1,368,273,39,2026-07-13
369,1,369,484,19,2026-07-13
370,1,370,483,23,2026-07-13
371,1,371,87,24,2026-07-13
372,1,372,242,36,2026-07-13
373,1,373,288,16,2026-07-13
374,1,374,247,31,2026-07-13
375,1,375,404,44,2026-07-13
376,1,376,61,17,2026-07-13
377,1,377,26,45,2026-07-13
378,1,378,355,25,2026-07-13
379,1,379,414,18,2026-07-13
380,1,380,348,38,2026-07-13
381,1,381,116,17,2026-07-13
382,1,382,241,33,2026-07-13
383,1,383,134,40,2026-07-13
384,1,384,108,18,2026-07-13
385,1,385,12,34,2026-07-13
386,1,386,276,23,2026-07-13
387,1,387,232,13,2026-07-13
388,1,388,98,19,2026-07-13
389,1,389,169,32,2026-07-13
390,1,390,424,21,2026-07-13
391,1,391,44,42,2026-07-13
392,1,392,431,23,2026-07-13
393,1,393,40,24,2026-07-13
394,1,394,339,24,2026-07-13
395,1,395,356,13,2026-07-13
396,1,396,153,21,2026-07-13
397,1,397,23,10,2026-07-13
398,1,398,293,48,2026-07-13
399,1,399,98,46,2026-07-13
400,1,400,400,30,2026-07-13
401,1,401,313,24,2026-07-13
402,1,402,153,20,2026-07-13
403,1,403,384,20,2026-07-13
404,1,404,291,13,2026-07-13
405,1,405,400,16,2026-07-13
406,1,406,30,21,2026-07-13
407,1,407,496,45,2026-07-13
408,1,408,186,12,2026-07-13
409,1,409,273,12,2026-07-13
410,1,410,251,47,2026-07-13
411,1,411,239,25,2026-07-13
412,1,412,135,11,2026-07-13
413,1,413,311,19,2026-07-13
414,1,414,434,37,2026-07-13
415,1,415,304,12,2026-07-13
416,1,416,281,33,2026-07-13
417,1,417,44,29,2026-07-13
418,1,418,462,25,2026-07-13
419,1,419,475,34,2026-07-13
420,1,420,60,30,2026-07-13
421,1,421,121,21,2026-07-13
422,1,422,245,19,2026-07-13
423,1,423,463,31,2026-07-13
424,1,424,294,41,2026-07-13
425,1,425,404,44,2026-07-13
426,1,426,15,16,2026-07-13
427,1,427,156,22,2026-07-13
428,1,428,111,17,2026-07-13
429,1,429,220,14,2026-07-13
430,1,430,377,46,2026-07-13
431,1,431,158,32,2026-07-13
432,1,432,295,17,2026-07-13
433,1,433,118,44,2026-07-13
434,1,434,20,41,2026-07-13
435,1,435,255,27,2026-07-13
436,1,436,280,33,2026-07-13
437,1,437,204,43,2026-07-13
438,1,438,111,18,2026-07-13
439,1,439,164,44,2026-07-13
440,1,440,279,37,2026-07-13
441,1,441,187,48,2026-07-13
442,1,442,253,16,2026-07-13
443,1,443,303,34,2026-07-13
444,1,444,285,13,2026-07-13
445,1,445,165,19,2026-07-13
446,1,446,42,11,2026-07-13
447,1,447,176,41,2026-07-13
448,1,448,400,32,2026-07-13
449,1,449,241,50,2026-07-13
450,1,450,357,31,2026-07-13
451,1,451,38,28,2026-07-13
452,1,452,250,12,2026-07-13
453,1,453,282,11,2026-07-13
454,1,454,300,19,2026-07-13
455,1,455,116,12,2026-07-13
456,1,456,250,45,2026-07-13
457,1,457,132,19,2026-07-13
458,1,458,444,41,2026-07-13
459,1,459,454,36,2026-07-13
460,1,460,45,23,2026-07-13
461,1,461,101,49,2026-07-13
462,1,462,13,49,2026-07-13
463,1,463,311,34,2026-07-13
464,1,464,415,18,2026-07-13
465,1,465,469,31,2026-07-13
466,1,466,390,23,2026-07-13
467,1,467,204,19,2026-07-13
468,1,468,322,22,2026-07-13
469,1,469,34,39,2026-07-13
470,1,470,68,10,2026-07-13
471,1,471,258,47,2026-07-13
472,1,472,319,21,2026-07-13
473,1,473,327,17,2026-07-13
474,1,474,500,42,2026-07-13
475,1,475,423,14,2026-07-13
476,1,476,311,33,2026-07-13
477,1,477,13,26,2026-07-13
478,1,478,154,11,2026-07-13
479,1,479,478,31,2026-07-13
480,1,480,423,28,2026-07-13
481,1,481,460,42,2026-07-13
482,1,482,187,10,2026-07-13
483,1,483,456,27,2026-07-13
484,1,484,174,44,2026-07-13
485,1,485,48,19,2026-07-13
486,1,486,195,43,2026-07-13
487,1,487,337,38,2026-07-13
488,1,488,370,20,2026-07-13
489,1,489,22,43,2026-07-13
490,1,490,20,38,2026-07-13
491,1,491,462,31,2026-07-13
492,1,492,495,20,2026-07-13
493,1,493,487,19,2026-07-13
494,1,494,256,17,2026-07-13
495,1,495,343,22,2026-07-13
496,1,496,219,47,2026-07-13
497,1,497,146,26,2026-07-13
498,1,498,101,24,2026-07-13
499,1,499,117,17,2026-07-13
500,1,500,437,21,2026-07-13
501,2,1,248,19,2026-07-13
502,2,2,218,42,2026-07-13
503,2,3,282,22,2026-07-13
504,2,4,366,43,2026-07-13
505,2,5,402,14,2026-07-13
506,2,6,297,20,2026-07-13
507,2,7,327,25,2026-07-13
508,2,8,440,30,2026-07-13
509,2,9,101,16,2026-07-13
510,2,10,232,17,2026-07-13
511,2,11,51,31,2026-07-13
512,2,12,260,34,2026-07-13
513,2,13,242,24,2026-07-13
514,2,14,415,22,2026-07-13
515,2,15,199,35,2026-07-13
516,2,16,224,35,2026-07-13
517,2,17,166,17,2026-07-13
518,2,18,221,22,2026-07-13
519,2,19,21,17,2026-07-13
520,2,20,55,20,2026-07-13
521,2,21,130,23,2026-07-13
522,2,22,499,47,2026-07-13
523,2,23,256,14,2026-07-13
524,2,24,201,14,2026-07-13
525,2,25,232,22,2026-07-13
526,2,26,222,50,2026-07-13
527,2,27,121,31,2026-07-13
528,2,28,90,15,2026-07-13
529,2,29,463,12,2026-07-13
530,2,30,44,31,2026-07-13
531,2,31,441,38,2026-07-13
532,2,32,427,19,2026-07-13
533,2,33,449,39,2026-07-13
534,2,34,358,11,2026-07-13
535,2,35,229,23,2026-07-13
536,2,36,471,27,2026-07-13
537,2,37,473,31,2026-07-13
538,2,38,500,24,2026-07-13
539,2,39,161,24,2026-07-13
540,2,40,249,17,2026-07-13
541,2,41,182,31,2026-07-13
542,2,42,469,49,2026-07-13
543,2,43,241,49,2026-07-13
544,2,44,333,13,2026-07-13
545,2,45,120,12,2026-07-13
546,2,46,147,17,2026-07-13
547,2,47,403,24,2026-07-13
548,2,48,181,35,2026-07-13
549,2,49,355,43,2026-07-13
550,2,50,60,31,2026-07-13
551,2,51,231,30,2026-07-13
552,2,52,313,28,2026-07-13
553,2,53,80,25,2026-07-13
554,2,54,12,23,2026-07-13
555,2,55,389,17,2026-07-13
556,2,56,381,43,2026-07-13
557,2,57,470,47,2026-07-13
558,2,58,381,27,2026-07-13
559,2,59,185,12,2026-07-13
560,2,60,173,45,2026-07-13
561,2,61,445,20,2026-07-13
562,2,62,270,26,2026-07-13
563,2,63,254,28,2026-07-13
564,2,64,235,32,2026-07-13
565,2,65,289,34,2026-07-13
566,2,66,245,48,2026-07-13
567,2,67,181,39,2026-07-13
568,2,68,307,22,2026-07-13
569,2,69,121,40,2026-07-13
570,2,70,27,21,2026-07-13
571,2,71,314,38,2026-07-13
572,2,72,189,33,2026-07-13
573,2,73,24,28,2026-07-13
574,2,74,123,18,2026-07-13
575,2,75,380,15,2026-07-13
576,2,76,279,22,2026-07-13
577,2,77,30,45,2026-07-13
578,2,78,12,22,2026-07-13
579,2,79,93,29,2026-07-13
580,2,80,331,14,2026-07-13
581,2,81,106,17,2026-07-13
582,2,82,61,18,2026-07-13
583,2,83,93,16,2026-07-13
584,2,84,87,22,2026-07-13
585,2,85,384,27,2026-07-13
586,2,86,23,17,2026-07-13
587,2,87,156,31,2026-07-13
588,2,88,152,37,2026-07-13
589,2,89,317,34,2026-07-13
590,2,90,50,45,2026-07-13
591,2,91,213,23,2026-07-13
592,2,92,373,17,2026-07-13
593,2,93,450,30,2026-07-13
594,2,94,282,27,2026-07-13
595,2,95,352,44,2026-07-13
596,2,96,25,26,2026-07-13
597,2,97,313,35,2026-07-13
598,2,98,443,30,2026-07-13
599,2,99,27,34,2026-07-13
600,2,100,56,35,2026-07-13
601,2,101,268,50,2026-07-13
602,2,102,470,49,2026-07-13
603,2,103,179,13,2026-07-13
604,2,104,17,32,2026-07-13
605,2,105,142,35,2026-07-13
606,2,106,19,31,2026-07-13
607,2,107,376,48,2026-07-13
608,2,108,362,49,2026-07-13
609,2,109,413,26,2026-07-13
610,2,110,164,43,2026-07-13
611,2,111,63,28,2026-07-13
612,2,112,112,20,2026-07-13
613,2,113,367,15,2026-07-13
614,2,114,97,16,2026-07-13
615,2,115,258,42,2026-07-13
616,2,116,145,22,2026-07-13
617,2,117,269,24,2026-07-13
618,2,118,316,14,2026-07-13
619,2,119,432,33,2026-07-13
620,2,120,349,15,2026-07-13
621,2,121,435,11,2026-07-13
622,2,122,336,12,2026-07-13
623,2,123,323,43,2026-07-13
624,2,124,450,33,2026-07-13
625,2,125,207,25,2026-07-13
626,2,126,463,29,2026-07-13
627,2,127,474,22,2026-07-13
628,2,128,468,30,2026-07-13
629,2,129,361,45,2026-07-13
630,2,130,13,11,2026-07-13
631,2,131,277,39,2026-07-13
632,2,132,236,25,2026-07-13
633,2,133,133,28,2026-07-13
634,2,134,378,24,2026-07-13
635,2,135,321,22,2026-07-13
636,2,136,404,17,2026-07-13
637,2,137,127,42,2026-07-13
638,2,138,23,34,2026-07-13
639,2,139,303,48,2026-07-13
640,2,140,142,13,2026-07-13
641,2,141,121,34,2026-07-13
642,2,142,133,25,2026-07-13
643,2,143,226,31,2026-07-13
644,2,144,383,31,2026-07-13
645,2,145,392,26,2026-07-13
646,2,146,48,15,2026-07-13
647,2,147,221,44,2026-07-13
648,2,148,214,37,2026-07-13
649,2,149,380,29,2026-07-13
650,2,150,355,26,2026-07-13
651,2,151,393,22,2026-07-13
652,2,152,368,26,2026-07-13
653,2,153,490,24,2026-07-13
654,2,154,121,18,2026-07-13
655,2,155,190,20,2026-07-13
656,2,156,73,41,2026-07-13
657,2,157,264,18,2026-07-13
658,2,158,412,22,2026-07-13
659,2,159,218,10,2026-07-13
660,2,160,433,42,2026-07-13
661,2,161,172,19,2026-07-13
662,2,162,123,31,2026-07-13
663,2,163,440,39,2026-07-13
664,2,164,168,12,2026-07-13
665,2,165,497,24,2026-07-13
666,2,166,275,13,2026-07-13
667,2,167,443,40,2026-07-13
668,2,168,317,20,2026-07-13
669,2,169,490,18,2026-07-13
670,2,170,477,16,2026-07-13
671,2,171,338,48,2026-07-13
672,2,172,410,50,2026-07-13
673,2,173,444,20,2026-07-13
674,2,174,263,11,2026-07-13
675,2,175,184,47,2026-07-13
676,2,176,332,22,2026-07-13
677,2,177,449,41,2026-07-13
678,2,178,493,19,2026-07-13
679,2,179,231,20,2026-07-13
680,2,180,383,43,2026-07-13
681,2,181,345,29,2026-07-13
682,2,182,173,48,2026-07-13
683,2,183,351,17,2026-07-13
684,2,184,89,23,2026-07-13
685,2,185,42,25,2026-07-13
686,2,186,122,30,2026-07-13
687,2,187,92,24,2026-07-13
688,2,188,461,18,2026-07-13
689,2,189,207,10,2026-07-13
690,2,190,243,44,2026-07-13
691,2,191,238,31,2026-07-13
692,2,192,412,50,2026-07-13
693,2,193,166,38,2026-07-13
694,2,194,210,44,2026-07-13
695,2,195,282,39,2026-07-13
696,2,196,351,36,2026-07-13
697,2,197,238,50,2026-07-13
698,2,198,431,17,2026-07-13
699,2,199,330,21,2026-07-13
700,2,200,299,34,2026-07-13
701,2,201,58,50,2026-07-13
702,2,202,186,33,2026-07-13
703,2,203,184,47,2026-07-13
704,2,204,176,20,2026-07-13
705,2,205,11,10,2026-07-13
706,2,206,40,22,2026-07-13
707,2,207,407,41,2026-07-13
708,2,208,346,34,2026-07-13
709,2,209,427,17,2026-07-13
710,2,210,229,49,2026-07-13
711,2,211,196,17,2026-07-13
712,2,212,409,16,2026-07-13
713,2,213,263,15,2026-07-13
714,2,214,442,50,2026-07-13
715,2,215,328,27,2026-07-13
716,2,216,258,39,2026-07-13
717,2,217,292,48,2026-07-13
718,2,218,21,16,2026-07-13
719,2,219,328,38,2026-07-13
720,2,220,64,11,2026-07-13
721,2,221,486,43,2026-07-13
722,2,222,94,11,2026-07-13
723,2,223,476,17,2026-07-13
724,2,224,197,38,2026-07-13
725,2,225,365,32,2026-07-13
726,2,226,124,42,2026-07-13
727,2,227,422,47,2026-07-13
728,2,228,332,11,2026-07-13
729,2,229,291,37,2026-07-13
730,2,230,279,16,2026-07-13
731,2,231,110,32,2026-07-13
732,2,232,265,28,2026-07-13
733,2,233,388,16,2026-07-13
734,2,234,164,22,2026-07-13
735,2,235,85,35,2026-07-13
736,2,236,349,30,2026-07-13
737,2,237,374,16,2026-07-13
738,2,238,355,41,2026-07-13
739,2,239,326,42,2026-07-13
740,2,240,209,38,2026-07-13
741,2,241,49,24,2026-07-13
742,2,242,389,41,2026-07-13
743,2,243,276,18,2026-07-13
744,2,244,41,23,2026-07-13
745,2,245,426,42,2026-07-13
746,2,246,369,14,2026-07-13
747,2,247,168,24,2026-07-13
748,2,248,198,43,2026-07-13
749,2,249,475,26,2026-07-13
750,2,250,267,24,2026-07-13
751,2,251,21,14,2026-07-13
752,2,252,42,25,2026-07-13
753,2,253,230,43,2026-07-13
754,2,254,250,41,2026-07-13
755,2,255,382,31,2026-07-13
756,2,256,141,16,2026-07-13
757,2,257,96,17,2026-07-13
758,2,258,100,41,2026-07-13
759,2,259,127,43,2026-07-13
760,2,260,191,49,2026-07-13
761,2,261,357,27,2026-07-13
762,2,262,83,23,2026-07-13
763,2,263,93,37,2026-07-13
764,2,264,67,20,2026-07-13
765,2,265,150,25,2026-07-13
766,2,266,74,20,2026-07-13
767,2,267,35,39,2026-07-13
768,2,268,206,41,2026-07-13
769,2,269,137,31,2026-07-13
770,2,270,442,29,2026-07-13
771,2,271,341,31,2026-07-13
772,2,272,300,28,2026-07-13
773,2,273,165,35,2026-07-13
774,2,274,49,10,2026-07-13
775,2,275,118,27,2026-07-13
776,2,276,237,39,2026-07-13
777,2,277,129,32,2026-07-13
778,2,278,352,24,2026-07-13
779,2,279,478,46,2026-07-13
780,2,280,137,41,2026-07-13
781,2,281,184,39,2026-07-13
782,2,282,147,21,2026-07-13
783,2,283,106,12,2026-07-13
784,2,284,496,29,2026-07-13
785,2,285,228,43,2026-07-13
786,2,286,315,26,2026-07-13
787,2,287,37,37,2026-07-13
788,2,288,55,41,2026-07-13
789,2,289,177,32,2026-07-13
790,2,290,206,35,2026-07-13
791,2,291,414,18,2026-07-13
792,2,292,358,27,2026-07-13
793,2,293,171,49,2026-07-13
794,2,294,476,46,2026-07-13
795,2,295,406,44,2026-07-13
796,2,296,144,11,2026-07-13
797,2,297,197,18,2026-07-13
798,2,298,315,47,2026-07-13
799,2,299,308,26,2026-07-13
800,2,300,397,20,2026-07-13
801,2,301,282,33,2026-07-13
802,2,302,420,15,2026-07-13
803,2,303,402,33,2026-07-13
804,2,304,265,48,2026-07-13
805,2,305,448,17,2026-07-13
806,2,306,376,10,2026-07-13
807,2,307,297,36,2026-07-13
808,2,308,38,26,2026-07-13
809,2,309,258,29,2026-07-13
810,2,310,430,15,2026-07-13
811,2,311,347,48,2026-07-13
812,2,312,450,23,2026-07-13
813,2,313,392,22,2026-07-13
814,2,314,274,42,2026-07-13
815,2,315,44,43,2026-07-13
816,2,316,220,31,2026-07-13
817,2,317,218,15,2026-07-13
818,2,318,384,29,2026-07-13
819,2,319,98,32,2026-07-13
820,2,320,458,16,2026-07-13
821,2,321,340,44,2026-07-13
822,2,322,225,23,2026-07-13
823,2,323,322,49,2026-07-13
824,2,324,392,46,2026-07-13
825,2,325,135,38,2026-07-13
826,2,326,109,26,2026-07-13
827,2,327,355,15,2026-07-13
828,2,328,282,42,2026-07-13
829,2,329,308,16,2026-07-13
830,2,330,25,13,2026-07-13
831,2,331,138,26,2026-07-13
832,2,332,160,49,2026-07-13
833,2,333,154,34,2026-07-13
834,2,334,339,49,2026-07-13
835,2,335,113,29,2026-07-13
836,2,336,198,24,2026-07-13
837,2,337,307,28,2026-07-13
838,2,338,392,14,2026-07-13
839,2,339,99,40,2026-07-13
840,2,340,33,36,2026-07-13
841,2,341,476,44,2026-07-13
842,2,342,72,23,2026-07-13
843,2,343,491,26,2026-07-13
844,2,344,496,27,2026-07-13
845,2,345,480,46,2026-07-13
846,2,346,241,21,2026-07-13
847,2,347,293,30,2026-07-13
848,2,348,295,25,2026-07-13
849,2,349,256,28,2026-07-13
850,2,350,133,23,2026-07-13
851,2,351,200,15,2026-07-13
852,2,352,218,30,2026-07-13
853,2,353,163,22,2026-07-13
854,2,354,275,39,2026-07-13
855,2,355,378,23,2026-07-13
856,2,356,354,12,2026-07-13
857,2,357,468,21,2026-07-13
858,2,358,105,25,2026-07-13
859,2,359,358,25,2026-07-13
860,2,360,427,46,2026-07-13
861,2,361,271,21,2026-07-13
862,2,362,466,25,2026-07-13
863,2,363,405,49,2026-07-13
864,2,364,54,15,2026-07-13
865,2,365,45,30,2026-07-13
866,2,366,77,33,2026-07-13
867,2,367,225,32,2026-07-13
868,2,368,465,44,2026-07-13
869,2,369,79,14,2026-07-13
870,2,370,298,18,2026-07-13
871,2,371,499,36,2026-07-13
872,2,372,435,15,2026-07-13
873,2,373,284,47,2026-07-13
874,2,374,72,26,2026-07-13
875,2,375,126,36,2026-07-13
876,2,376,33,36,2026-07-13
877,2,377,335,47,2026-07-13
878,2,378,95,24,2026-07-13
879,2,379,146,19,2026-07-13
880,2,380,230,38,2026-07-13
881,2,381,98,35,2026-07-13
882,2,382,311,18,2026-07-13
883,2,383,212,50,2026-07-13
884,2,384,61,36,2026-07-13
885,2,385,334,44,2026-07-13
886,2,386,186,46,2026-07-13
887,2,387,209,15,2026-07-13
888,2,388,499,43,2026-07-13
889,2,389,327,48,2026-07-13
890,2,390,42,25,2026-07-13
891,2,391,255,22,2026-07-13
892,2,392,79,40,2026-07-13
893,2,393,389,12,2026-07-13
894,2,394,269,42,2026-07-13
895,2,395,82,21,2026-07-13
896,2,396,34,22,2026-07-13
897,2,397,306,46,2026-07-13
898,2,398,393,21,2026-07-13
899,2,399,194,42,2026-07-13
900,2,400,387,49,2026-07-13
901,2,401,92,38,2026-07-13
902,2,402,149,46,2026-07-13
903,2,403,125,45,2026-07-13
904,2,404,83,39,2026-07-13
905,2,405,489,15,2026-07-13
906,2,406,299,29,2026-07-13
907,2,407,68,45,2026-07-13
908,2,408,417,23,2026-07-13
909,2,409,295,36,2026-07-13
910,2,410,52,44,2026-07-13
911,2,411,246,32,2026-07-13
912,2,412,223,31,2026-07-13
913,2,413,64,46,2026-07-13
914,2,414,157,19,2026-07-13
915,2,415,428,12,2026-07-13
916,2,416,373,32,2026-07-13
917,2,417,156,24,2026-07-13
918,2,418,387,11,2026-07-13
919,2,419,181,13,2026-07-13
920,2,420,442,22,2026-07-13
921,2,421,179,10,2026-07-13
922,2,422,67,45,2026-07-13
923,2,423,247,46,2026-07-13
924,2,424,146,40,2026-07-13
925,2,425,208,48,2026-07-13
926,2,426,56,38,2026-07-13
927,2,427,125,40,2026-07-13
928,2,428,258,21,2026-07-13
929,2,429,242,20,2026-07-13
930,2,430,348,29,2026-07-13
931,2,431,446,43,2026-07-13
932,2,432,280,47,2026-07-13
933,2,433,303,15,2026-07-13
934,2,434,68,20,2026-07-13
935,2,435,385,13,2026-07-13
936,2,436,283,10,2026-07-13
937,2,437,196,40,2026-07-13
938,2,438,29,35,2026-07-13
939,2,439,416,44,2026-07-13
940,2,440,227,40,2026-07-13
941,2,441,363,20,2026-07-13
942,2,442,273,26,2026-07-13
943,2,443,171,16,2026-07-13
944,2,444,198,42,2026-07-13
945,2,445,204,50,2026-07-13
946,2,446,216,24,2026-07-13
947,2,447,201,45,2026-07-13
948,2,448,348,36,2026-07-13
949,2,449,92,45,2026-07-13
950,2,450,222,37,2026-07-13
951,2,451,302,40,2026-07-13
952,2,452,189,20,2026-07-13
953,2,453,265,12,2026-07-13
954,2,454,29,18,2026-07-13
955,2,455,312,49,2026-07-13
956,2,456,394,15,2026-07-13
957,2,457,187,23,2026-07-13
958,2,458,337,31,2026-07-13
959,2,459,68,25,2026-07-13
960,2,460,21,13,2026-07-13
961,2,461,472,48,2026-07-13
962,2,462,142,26,2026-07-13
963,2,463,365,48,2026-07-13
964,2,464,296,24,2026-07-13
965,2,465,270,25,2026-07-13
966,2,466,258,21,2026-07-13
967,2,467,207,40,2026-07-13
968,2,468,370,43,2026-07-13
969,2,469,152,20,2026-07-13
970,2,470,486,37,2026-07-13
971,2,471,111,46,2026-07-13
972,2,472,178,48,2026-07-13
973,2,473,162,16,2026-07-13
974,2,474,142,31,2026-07-13
975,2,475,456,36,2026-07-13
976,2,476,301,49,2026-07-13
977,2,477,183,31,2026-07-13
978,2,478,407,44,2026-07-13
979,2,479,297,50,2026-07-13
980,2,480,145,43,2026-07-13
981,2,481,207,44,2026-07-13
982,2,482,86,15,2026-07-13
983,2,483,388,14,2026-07-13
984,2,484,339,26,2026-07-13
985,2,485,466,32,2026-07-13
986,2,486,444,10,2026-07-13
987,2,487,266,17,2026-07-13
988,2,488,93,48,2026-07-13
989,2,489,460,36,2026-07-13
990,2,490,16,34,2026-07-13
991,2,491,38,46,2026-07-13
992,2,492,76,20,2026-07-13
993,2,493,376,17,2026-07-13
994,2,494,292,44,2026-07-13
995,2,495,460,28,2026-07-13
996,2,496,403,42,2026-07-13
997,2,497,340,25,2026-07-13
998,2,498,346,18,2026-07-13
999,2,499,391,24,2026-07-13
1000,2,500,109,14,2026-07-13
1001,3,1,454,37,2026-07-13
1002,3,2,358,14,2026-07-13
1003,3,3,319,21,2026-07-13
1004,3,4,291,13,2026-07-13
1005,3,5,102,33,2026-07-13
1006,3,6,21,35,2026-07-13
1007,3,7,240,18,2026-07-13
1008,3,8,489,41,2026-07-13
1009,3,9,355,37,2026-07-13
1010,3,10,236,41,2026-07-13
1011,3,11,419,49,2026-07-13
1012,3,12,69,27,2026-07-13
1013,3,13,386,48,2026-07-13
1014,3,14,312,17,2026-07-13
1015,3,15,312,24,2026-07-13
1016,3,16,199,39,2026-07-13
1017,3,17,249,15,2026-07-13
1018,3,18,14,18,2026-07-13
1019,3,19,160,18,2026-07-13
1020,3,20,272,16,2026-07-13
1021,3,21,46,23,2026-07-13
1022,3,22,99,22,2026-07-13
1023,3,23,289,24,2026-07-13
1024,3,24,189,28,2026-07-13
1025,3,25,53,23,2026-07-13
1026,3,26,278,43,2026-07-13
1027,3,27,91,44,2026-07-13
1028,3,28,471,50,2026-07-13
1029,3,29,255,10,2026-07-13
1030,3,30,431,11,2026-07-13
1031,3,31,189,49,2026-07-13
1032,3,32,202,27,2026-07-13
1033,3,33,166,50,2026-07-13
1034,3,34,287,48,2026-07-13
1035,3,35,155,29,2026-07-13
1036,3,36,215,33,2026-07-13
1037,3,37,259,17,2026-07-13
1038,3,38,402,43,2026-07-13
1039,3,39,47,31,2026-07-13
1040,3,40,50,41,2026-07-13
1041,3,41,153,41,2026-07-13
1042,3,42,445,21,2026-07-13
1043,3,43,206,45,2026-07-13
1044,3,44,341,47,2026-07-13
1045,3,45,294,17,2026-07-13
1046,3,46,134,40,2026-07-13
1047,3,47,18,15,2026-07-13
1048,3,48,141,44,2026-07-13
1049,3,49,217,22,2026-07-13
1050,3,50,289,15,2026-07-13
1051,3,51,393,12,2026-07-13
1052,3,52,134,16,2026-07-13
1053,3,53,326,28,2026-07-13
1054,3,54,371,44,2026-07-13
1055,3,55,231,44,2026-07-13
1056,3,56,319,34,2026-07-13
1057,3,57,33,46,2026-07-13
1058,3,58,375,36,2026-07-13
1059,3,59,217,18,2026-07-13
1060,3,60,266,36,2026-07-13
1061,3,61,165,41,2026-07-13
1062,3,62,339,39,2026-07-13
1063,3,63,210,47,2026-07-13
1064,3,64,16,18,2026-07-13
1065,3,65,367,19,2026-07-13
1066,3,66,430,44,2026-07-13
1067,3,67,52,31,2026-07-13
1068,3,68,469,19,2026-07-13
1069,3,69,316,39,2026-07-13
1070,3,70,265,46,2026-07-13
1071,3,71,379,35,2026-07-13
1072,3,72,218,24,2026-07-13
1073,3,73,346,29,2026-07-13
1074,3,74,174,34,2026-07-13
1075,3,75,457,42,2026-07-13
1076,3,76,165,30,2026-07-13
1077,3,77,443,16,2026-07-13
1078,3,78,371,43,2026-07-13
1079,3,79,401,21,2026-07-13
1080,3,80,44,43,2026-07-13
1081,3,81,122,35,2026-07-13
1082,3,82,207,43,2026-07-13
1083,3,83,127,41,2026-07-13
1084,3,84,366,21,2026-07-13
1085,3,85,480,33,2026-07-13
1086,3,86,179,35,2026-07-13
1087,3,87,137,35,2026-07-13
1088,3,88,245,11,2026-07-13
1089,3,89,363,49,2026-07-13
1090,3,90,194,29,2026-07-13
1091,3,91,285,29,2026-07-13
1092,3,92,458,39,2026-07-13
1093,3,93,358,49,2026-07-13
1094,3,94,293,48,2026-07-13
1095,3,95,352,50,2026-07-13
1096,3,96,124,13,2026-07-13
1097,3,97,422,43,2026-07-13
1098,3,98,248,36,2026-07-13
1099,3,99,27,35,2026-07-13
1100,3,100,199,23,2026-07-13
1101,3,101,68,11,2026-07-13
1102,3,102,38,20,2026-07-13
1103,3,103,145,30,2026-07-13
1104,3,104,298,11,2026-07-13
1105,3,105,233,16,2026-07-13
1106,3,106,46,33,2026-07-13
1107,3,107,496,32,2026-07-13
1108,3,108,182,33,2026-07-13
1109,3,109,495,23,2026-07-13
1110,3,110,314,29,2026-07-13
1111,3,111,104,16,2026-07-13
1112,3,112,392,17,2026-07-13
1113,3,113,400,38,2026-07-13
1114,3,114,94,30,2026-07-13
1115,3,115,38,47,2026-07-13
1116,3,116,411,17,2026-07-13
1117,3,117,127,30,2026-07-13
1118,3,118,59,15,2026-07-13
1119,3,119,379,36,2026-07-13
1120,3,120,353,35,2026-07-13
1121,3,121,370,29,2026-07-13
1122,3,122,192,43,2026-07-13
1123,3,123,363,42,2026-07-13
1124,3,124,335,32,2026-07-13
1125,3,125,21,43,2026-07-13
1126,3,126,498,37,2026-07-13
1127,3,127,128,29,2026-07-13
1128,3,128,149,17,2026-07-13
1129,3,129,195,37,2026-07-13
1130,3,130,367,31,2026-07-13
1131,3,131,171,11,2026-07-13
1132,3,132,19,36,2026-07-13
1133,3,133,106,12,2026-07-13
1134,3,134,210,13,2026-07-13
1135,3,135,408,25,2026-07-13
1136,3,136,199,30,2026-07-13
1137,3,137,288,13,2026-07-13
1138,3,138,252,24,2026-07-13
1139,3,139,69,44,2026-07-13
1140,3,140,459,15,2026-07-13
1141,3,141,133,22,2026-07-13
1142,3,142,314,44,2026-07-13
1143,3,143,329,25,2026-07-13
1144,3,144,307,10,2026-07-13
1145,3,145,407,47,2026-07-13
1146,3,146,344,25,2026-07-13
1147,3,147,420,35,2026-07-13
1148,3,148,65,41,2026-07-13
1149,3,149,210,29,2026-07-13
1150,3,150,428,29,2026-07-13
1151,3,151,368,48,2026-07-13
1152,3,152,288,48,2026-07-13
1153,3,153,20,12,2026-07-13
1154,3,154,347,11,2026-07-13
1155,3,155,242,47,2026-07-13
1156,3,156,213,29,2026-07-13
1157,3,157,391,16,2026-07-13
1158,3,158,82,36,2026-07-13
1159,3,159,209,39,2026-07-13
1160,3,160,10,22,2026-07-13
1161,3,161,475,36,2026-07-13
1162,3,162,337,15,2026-07-13
1163,3,163,108,41,2026-07-13
1164,3,164,448,18,2026-07-13
1165,3,165,228,30,2026-07-13
1166,3,166,311,50,2026-07-13
1167,3,167,79,42,2026-07-13
1168,3,168,356,44,2026-07-13
1169,3,169,471,12,2026-07-13
1170,3,170,417,28,2026-07-13
1171,3,171,249,43,2026-07-13
1172,3,172,319,19,2026-07-13
1173,3,173,211,19,2026-07-13
1174,3,174,185,34,2026-07-13
1175,3,175,364,22,2026-07-13
1176,3,176,169,19,2026-07-13
1177,3,177,356,30,2026-07-13
1178,3,178,66,34,2026-07-13
1179,3,179,472,28,2026-07-13
1180,3,180,92,37,2026-07-13
1181,3,181,411,35,2026-07-13
1182,3,182,388,29,2026-07-13
1183,3,183,468,45,2026-07-13
1184,3,184,305,31,2026-07-13
1185,3,185,350,25,2026-07-13
1186,3,186,240,12,2026-07-13
1187,3,187,233,46,2026-07-13
1188,3,188,499,43,2026-07-13
1189,3,189,350,45,2026-07-13
1190,3,190,131,42,2026-07-13
1191,3,191,396,32,2026-07-13
1192,3,192,143,11,2026-07-13
1193,3,193,332,31,2026-07-13
1194,3,194,50,10,2026-07-13
1195,3,195,67,22,2026-07-13
1196,3,196,265,33,2026-07-13
1197,3,197,116,16,2026-07-13
1198,3,198,255,35,2026-07-13
1199,3,199,144,20,2026-07-13
1200,3,200,390,14,2026-07-13
1201,3,201,445,14,2026-07-13
1202,3,202,270,44,2026-07-13
1203,3,203,183,14,2026-07-13
1204,3,204,187,50,2026-07-13
1205,3,205,49,13,2026-07-13
1206,3,206,479,19,2026-07-13
1207,3,207,325,39,2026-07-13
1208,3,208,293,18,2026-07-13
1209,3,209,435,34,2026-07-13
1210,3,210,380,41,2026-07-13
1211,3,211,435,49,2026-07-13
1212,3,212,317,47,2026-07-13
1213,3,213,404,17,2026-07-13
1214,3,214,36,30,2026-07-13
1215,3,215,58,30,2026-07-13
1216,3,216,221,41,2026-07-13
1217,3,217,202,44,2026-07-13
1218,3,218,112,44,2026-07-13
1219,3,219,264,41,2026-07-13
1220,3,220,176,49,2026-07-13
1221,3,221,361,38,2026-07-13
1222,3,222,431,37,2026-07-13
1223,3,223,280,25,2026-07-13
1224,3,224,60,40,2026-07-13
1225,3,225,66,44,2026-07-13
1226,3,226,473,10,2026-07-13
1227,3,227,210,46,2026-07-13
1228,3,228,272,24,2026-07-13
1229,3,229,493,37,2026-07-13
1230,3,230,105,15,2026-07-13
1231,3,231,394,47,2026-07-13
1232,3,232,448,26,2026-07-13
1233,3,233,148,12,2026-07-13
1234,3,234,106,45,2026-07-13
1235,3,235,418,35,2026-07-13
1236,3,236,35,50,2026-07-13
1237,3,237,319,13,2026-07-13
1238,3,238,240,48,2026-07-13
1239,3,239,495,23,2026-07-13
1240,3,240,406,46,2026-07-13
1241,3,241,277,13,2026-07-13
1242,3,242,457,23,2026-07-13
1243,3,243,259,24,2026-07-13
1244,3,244,353,43,2026-07-13
1245,3,245,28,32,2026-07-13
1246,3,246,463,11,2026-07-13
1247,3,247,339,32,2026-07-13
1248,3,248,464,43,2026-07-13
1249,3,249,118,18,2026-07-13
1250,3,250,377,30,2026-07-13
1251,3,251,393,50,2026-07-13
1252,3,252,38,34,2026-07-13
1253,3,253,19,23,2026-07-13
1254,3,254,83,49,2026-07-13
1255,3,255,15,45,2026-07-13
1256,3,256,445,35,2026-07-13
1257,3,257,264,30,2026-07-13
1258,3,258,108,17,2026-07-13
1259,3,259,395,42,2026-07-13
1260,3,260,62,50,2026-07-13
1261,3,261,109,50,2026-07-13
1262,3,262,38,12,2026-07-13
1263,3,263,336,49,2026-07-13
1264,3,264,182,40,2026-07-13
1265,3,265,164,21,2026-07-13
1266,3,266,476,28,2026-07-13
1267,3,267,17,36,2026-07-13
1268,3,268,240,13,2026-07-13
1269,3,269,419,31,2026-07-13
1270,3,270,136,18,2026-07-13
1271,3,271,65,50,2026-07-13
1272,3,272,278,24,2026-07-13
1273,3,273,128,48,2026-07-13
1274,3,274,443,35,2026-07-13
1275,3,275,360,39,2026-07-13
1276,3,276,14,50,2026-07-13
1277,3,277,420,49,2026-07-13
1278,3,278,442,45,2026-07-13
1279,3,279,182,33,2026-07-13
1280,3,280,400,35,2026-07-13
1281,3,281,484,26,2026-07-13
1282,3,282,471,23,2026-07-13
1283,3,283,267,44,2026-07-13
1284,3,284,321,19,2026-07-13
1285,3,285,299,21,2026-07-13
1286,3,286,369,23,2026-07-13
1287,3,287,259,23,2026-07-13
1288,3,288,257,11,2026-07-13
1289,3,289,361,37,2026-07-13
1290,3,290,290,47,2026-07-13
1291,3,291,177,27,2026-07-13
1292,3,292,186,45,2026-07-13
1293,3,293,126,50,2026-07-13
1294,3,294,14,12,2026-07-13
1295,3,295,295,12,2026-07-13
1296,3,296,475,44,2026-07-13
1297,3,297,233,10,2026-07-13
1298,3,298,446,42,2026-07-13
1299,3,299,320,23,2026-07-13
1300,3,300,234,47,2026-07-13
1301,3,301,449,37,2026-07-13
1302,3,302,282,20,2026-07-13
1303,3,303,346,20,2026-07-13
1304,3,304,301,29,2026-07-13
1305,3,305,312,18,2026-07-13
1306,3,306,155,26,2026-07-13
1307,3,307,239,46,2026-07-13
1308,3,308,413,13,2026-07-13
1309,3,309,50,46,2026-07-13
1310,3,310,139,40,2026-07-13
1311,3,311,95,35,2026-07-13
1312,3,312,410,41,2026-07-13
1313,3,313,474,36,2026-07-13
1314,3,314,493,14,2026-07-13
1315,3,315,497,15,2026-07-13
1316,3,316,197,26,2026-07-13
1317,3,317,146,30,2026-07-13
1318,3,318,103,39,2026-07-13
1319,3,319,447,26,2026-07-13
1320,3,320,327,11,2026-07-13
1321,3,321,164,43,2026-07-13
1322,3,322,458,45,2026-07-13
1323,3,323,402,17,2026-07-13
1324,3,324,431,22,2026-07-13
1325,3,325,365,18,2026-07-13
1326,3,326,437,37,2026-07-13
1327,3,327,159,15,2026-07-13
1328,3,328,309,27,2026-07-13
1329,3,329,228,49,2026-07-13
1330,3,330,341,22,2026-07-13
1331,3,331,240,35,2026-07-13
1332,3,332,276,22,2026-07-13
1333,3,333,388,24,2026-07-13
1334,3,334,66,24,2026-07-13
1335,3,335,75,26,2026-07-13
1336,3,336,243,14,2026-07-13
1337,3,337,210,20,2026-07-13
1338,3,338,140,10,2026-07-13
1339,3,339,227,46,2026-07-13
1340,3,340,271,11,2026-07-13
1341,3,341,147,45,2026-07-13
1342,3,342,500,39,2026-07-13
1343,3,343,156,49,2026-07-13
1344,3,344,449,47,2026-07-13
1345,3,345,428,39,2026-07-13
1346,3,346,383,31,2026-07-13
1347,3,347,316,26,2026-07-13
1348,3,348,298,29,2026-07-13
1349,3,349,264,18,2026-07-13
1350,3,350,396,19,2026-07-13
1351,3,351,352,48,2026-07-13
1352,3,352,283,48,2026-07-13
1353,3,353,395,11,2026-07-13
1354,3,354,175,13,2026-07-13
1355,3,355,432,49,2026-07-13
1356,3,356,179,23,2026-07-13
1357,3,357,418,30,2026-07-13
1358,3,358,466,12,2026-07-13
1359,3,359,92,28,2026-07-13
1360,3,360,384,39,2026-07-13
1361,3,361,353,40,2026-07-13
1362,3,362,395,21,2026-07-13
1363,3,363,281,45,2026-07-13
1364,3,364,320,39,2026-07-13
1365,3,365,387,47,2026-07-13
1366,3,366,202,47,2026-07-13
1367,3,367,321,41,2026-07-13
1368,3,368,319,43,2026-07-13
1369,3,369,211,10,2026-07-13
1370,3,370,35,30,2026-07-13
1371,3,371,289,29,2026-07-13
1372,3,372,361,19,2026-07-13
1373,3,373,360,19,2026-07-13
1374,3,374,199,42,2026-07-13
1375,3,375,424,45,2026-07-13
1376,3,376,67,49,2026-07-13
1377,3,377,391,40,2026-07-13
1378,3,378,478,39,2026-07-13
1379,3,379,11,35,2026-07-13
1380,3,380,242,36,2026-07-13
1381,3,381,114,12,2026-07-13
1382,3,382,352,36,2026-07-13
1383,3,383,18,27,2026-07-13
1384,3,384,149,48,2026-07-13
1385,3,385,119,16,2026-07-13
1386,3,386,224,25,2026-07-13
1387,3,387,147,49,2026-07-13
1388,3,388,399,14,2026-07-13
1389,3,389,370,34,2026-07-13
1390,3,390,330,50,2026-07-13
1391,3,391,12,44,2026-07-13
1392,3,392,67,39,2026-07-13
1393,3,393,403,13,2026-07-13
1394,3,394,254,20,2026-07-13
1395,3,395,239,20,2026-07-13
1396,3,396,373,10,2026-07-13
1397,3,397,349,13,2026-07-13
1398,3,398,140,31,2026-07-13
1399,3,399,389,42,2026-07-13
1400,3,400,30,29,2026-07-13
1401,3,401,153,15,2026-07-13
1402,3,402,435,45,2026-07-13
1403,3,403,158,20,2026-07-13
1404,3,404,227,42,2026-07-13
1405,3,405,366,32,2026-07-13
1406,3,406,492,33,2026-07-13
1407,3,407,386,32,2026-07-13
1408,3,408,274,41,2026-07-13
1409,3,409,397,43,2026-07-13
1410,3,410,291,21,2026-07-13
1411,3,411,268,12,2026-07-13
1412,3,412,311,49,2026-07-13
1413,3,413,45,27,2026-07-13
1414,3,414,395,10,2026-07-13
1415,3,415,71,40,2026-07-13
1416,3,416,211,33,2026-07-13
1417,3,417,119,27,2026-07-13
1418,3,418,289,28,2026-07-13
1419,3,419,265,12,2026-07-13
1420,3,420,223,22,2026-07-13
1421,3,421,322,35,2026-07-13
1422,3,422,367,26,2026-07-13
1423,3,423,184,20,2026-07-13
1424,3,424,78,41,2026-07-13
1425,3,425,73,15,2026-07-13
1426,3,426,168,36,2026-07-13
1427,3,427,86,29,2026-07-13
1428,3,428,220,31,2026-07-13
1429,3,429,229,40,2026-07-13
1430,3,430,213,37,2026-07-13
1431,3,431,63,23,2026-07-13
1432,3,432,109,13,2026-07-13
1433,3,433,10,11,2026-07-13
1434,3,434,381,31,2026-07-13
1435,3,435,186,46,2026-07-13
1436,3,436,424,35,2026-07-13
1437,3,437,25,38,2026-07-13
1438,3,438,379,25,2026-07-13
1439,3,439,488,46,2026-07-13
1440,3,440,224,23,2026-07-13
1441,3,441,112,50,2026-07-13
1442,3,442,387,28,2026-07-13
1443,3,443,416,45,2026-07-13
1444,3,444,76,13,2026-07-13
1445,3,445,491,30,2026-07-13
1446,3,446,12,24,2026-07-13
1447,3,447,26,32,2026-07-13
1448,3,448,410,36,2026-07-13
1449,3,449,263,29,2026-07-13
1450,3,450,332,19,2026-07-13
1451,3,451,417,14,2026-07-13
1452,3,452,485,38,2026-07-13
1453,3,453,160,12,2026-07-13
1454,3,454,103,50,2026-07-13
1455,3,455,59,19,2026-07-13
1456,3,456,456,47,2026-07-13
1457,3,457,38,16,2026-07-13
1458,3,458,434,29,2026-07-13
1459,3,459,330,26,2026-07-13
1460,3,460,221,28,2026-07-13
1461,3,461,321,21,2026-07-13
1462,3,462,285,10,2026-07-13
1463,3,463,150,41,2026-07-13
1464,3,464,407,34,2026-07-13
1465,3,465,146,17,2026-07-13
1466,3,466,19,28,2026-07-13
1467,3,467,438,21,2026-07-13
1468,3,468,342,43,2026-07-13
1469,3,469,276,40,2026-07-13
1470,3,470,169,29,2026-07-13
1471,3,471,463,21,2026-07-13
1472,3,472,345,45,2026-07-13
1473,3,473,80,32,2026-07-13
1474,3,474,70,47,2026-07-13
1475,3,475,100,38,2026-07-13
1476,3,476,272,49,2026-07-13
1477,3,477,287,32,2026-07-13
1478,3,478,122,43,2026-07-13
1479,3,479,88,25,2026-07-13
1480,3,480,233,28,2026-07-13
1481,3,481,170,10,2026-07-13
1482,3,482,14,29,2026-07-13
1483,3,483,148,43,2026-07-13
1484,3,484,131,18,2026-07-13
1485,3,485,36,41,2026-07-13
1486,3,486,133,35,2026-07-13
1487,3,487,138,15,2026-07-13
1488,3,488,248,27,2026-07-13
1489,3,489,237,22,2026-07-13
1490,3,490,156,13,2026-07-13
1491,3,491,319,46,2026-07-13
1492,3,492,112,30,2026-07-13
1493,3,493,312,28,2026-07-13
1494,3,494,448,13,2026-07-13
1495,3,495,54,24,2026-07-13
1496,3,496,260,37,2026-07-13
1497,3,497,275,19,2026-07-13
1498,3,498,118,42,2026-07-13
1499,3,499,13,38,2026-07-13
1500,3,500,464,24,2026-07-13
1501,4,1,261,36,2026-07-13
1502,4,2,169,11,2026-07-13
1503,4,3,297,47,2026-07-13
1504,4,4,193,21,2026-07-13
1505,4,5,384,22,2026-07-13
1506,4,6,198,46,2026-07-13
1507,4,7,220,17,2026-07-13
1508,4,8,440,10,2026-07-13
1509,4,9,320,19,2026-07-13
1510,4,10,121,17,2026-07-13
1511,4,11,78,12,2026-07-13
1512,4,12,301,36,2026-07-13
1513,4,13,122,43,2026-07-13
1514,4,14,394,16,2026-07-13
1515,4,15,31,39,2026-07-13
1516,4,16,259,20,2026-07-13
1517,4,17,115,11,2026-07-13
1518,4,18,90,30,2026-07-13
1519,4,19,331,27,2026-07-13
1520,4,20,53,13,2026-07-13
1521,4,21,167,13,2026-07-13
1522,4,22,465,37,2026-07-13
1523,4,23,97,46,2026-07-13
1524,4,24,425,16,2026-07-13
1525,4,25,326,27,2026-07-13
1526,4,26,78,36,2026-07-13
1527,4,27,264,35,2026-07-13
1528,4,28,14,41,2026-07-13
1529,4,29,107,12,2026-07-13
1530,4,30,36,28,2026-07-13
1531,4,31,20,43,2026-07-13
1532,4,32,192,45,2026-07-13
1533,4,33,51,21,2026-07-13
1534,4,34,494,15,2026-07-13
1535,4,35,252,36,2026-07-13
1536,4,36,482,23,2026-07-13
1537,4,37,191,12,2026-07-13
1538,4,38,225,10,2026-07-13
1539,4,39,165,31,2026-07-13
1540,4,40,399,25,2026-07-13
1541,4,41,394,43,2026-07-13
1542,4,42,436,33,2026-07-13
1543,4,43,317,14,2026-07-13
1544,4,44,254,19,2026-07-13
1545,4,45,60,23,2026-07-13
1546,4,46,269,42,2026-07-13
1547,4,47,287,16,2026-07-13
1548,4,48,76,44,2026-07-13
1549,4,49,383,13,2026-07-13
1550,4,50,255,41,2026-07-13
1551,4,51,220,14,2026-07-13
1552,4,52,465,13,2026-07-13
1553,4,53,130,34,2026-07-13
1554,4,54,347,43,2026-07-13
1555,4,55,413,50,2026-07-13
1556,4,56,122,12,2026-07-13
1557,4,57,341,32,2026-07-13
1558,4,58,345,44,2026-07-13
1559,4,59,137,12,2026-07-13
1560,4,60,92,29,2026-07-13
1561,4,61,96,11,2026-07-13
1562,4,62,468,16,2026-07-13
1563,4,63,79,50,2026-07-13
1564,4,64,212,15,2026-07-13
1565,4,65,246,41,2026-07-13
1566,4,66,417,19,2026-07-13
1567,4,67,265,29,2026-07-13
1568,4,68,418,30,2026-07-13
1569,4,69,392,28,2026-07-13
1570,4,70,388,50,2026-07-13
1571,4,71,97,25,2026-07-13
1572,4,72,183,42,2026-07-13
1573,4,73,98,32,2026-07-13
1574,4,74,82,18,2026-07-13
1575,4,75,383,33,2026-07-13
1576,4,76,203,21,2026-07-13
1577,4,77,167,36,2026-07-13
1578,4,78,96,49,2026-07-13
1579,4,79,197,36,2026-07-13
1580,4,80,153,12,2026-07-13
1581,4,81,66,22,2026-07-13
1582,4,82,199,16,2026-07-13
1583,4,83,288,42,2026-07-13
1584,4,84,403,38,2026-07-13
1585,4,85,193,16,2026-07-13
1586,4,86,321,13,2026-07-13
1587,4,87,341,36,2026-07-13
1588,4,88,67,14,2026-07-13
1589,4,89,307,31,2026-07-13
1590,4,90,49,10,2026-07-13
1591,4,91,63,16,2026-07-13
1592,4,92,472,49,2026-07-13
1593,4,93,193,35,2026-07-13
1594,4,94,155,22,2026-07-13
1595,4,95,314,23,2026-07-13
1596,4,96,210,41,2026-07-13
1597,4,97,427,35,2026-07-13
1598,4,98,57,30,2026-07-13
1599,4,99,93,18,2026-07-13
1600,4,100,293,29,2026-07-13
1601,4,101,361,49,2026-07-13
1602,4,102,441,49,2026-07-13
1603,4,103,351,29,2026-07-13
1604,4,104,175,47,2026-07-13
1605,4,105,266,42,2026-07-13
1606,4,106,11,16,2026-07-13
1607,4,107,89,31,2026-07-13
1608,4,108,317,13,2026-07-13
1609,4,109,242,25,2026-07-13
1610,4,110,200,22,2026-07-13
1611,4,111,485,27,2026-07-13
1612,4,112,99,14,2026-07-13
1613,4,113,172,31,2026-07-13
1614,4,114,320,26,2026-07-13
1615,4,115,170,18,2026-07-13
1616,4,116,204,32,2026-07-13
1617,4,117,423,12,2026-07-13
1618,4,118,457,21,2026-07-13
1619,4,119,51,47,2026-07-13
1620,4,120,380,20,2026-07-13
1621,4,121,175,37,2026-07-13
1622,4,122,303,29,2026-07-13
1623,4,123,487,48,2026-07-13
1624,4,124,419,49,2026-07-13
1625,4,125,299,16,2026-07-13
1626,4,126,437,45,2026-07-13
1627,4,127,422,36,2026-07-13
1628,4,128,327,21,2026-07-13
1629,4,129,52,14,2026-07-13
1630,4,130,426,40,2026-07-13
1631,4,131,398,15,2026-07-13
1632,4,132,183,28,2026-07-13
1633,4,133,257,23,2026-07-13
1634,4,134,330,29,2026-07-13
1635,4,135,292,26,2026-07-13
1636,4,136,396,12,2026-07-13
1637,4,137,393,13,2026-07-13
1638,4,138,312,19,2026-07-13
1639,4,139,52,13,2026-07-13
1640,4,140,247,43,2026-07-13
1641,4,141,100,38,2026-07-13
1642,4,142,102,31,2026-07-13
1643,4,143,213,10,2026-07-13
1644,4,144,482,35,2026-07-13
1645,4,145,19,24,2026-07-13
1646,4,146,438,20,2026-07-13
1647,4,147,415,13,2026-07-13
1648,4,148,40,20,2026-07-13
1649,4,149,68,48,2026-07-13
1650,4,150,447,49,2026-07-13
1651,4,151,328,26,2026-07-13
1652,4,152,126,27,2026-07-13
1653,4,153,313,37,2026-07-13
1654,4,154,253,43,2026-07-13
1655,4,155,197,40,2026-07-13
1656,4,156,435,38,2026-07-13
1657,4,157,342,19,2026-07-13
1658,4,158,470,26,2026-07-13
1659,4,159,13,10,2026-07-13
1660,4,160,169,47,2026-07-13
1661,4,161,21,14,2026-07-13
1662,4,162,355,31,2026-07-13
1663,4,163,375,42,2026-07-13
1664,4,164,348,34,2026-07-13
1665,4,165,223,42,2026-07-13
1666,4,166,494,31,2026-07-13
1667,4,167,275,38,2026-07-13
1668,4,168,486,50,2026-07-13
1669,4,169,34,48,2026-07-13
1670,4,170,264,49,2026-07-13
1671,4,171,322,15,2026-07-13
1672,4,172,13,46,2026-07-13
1673,4,173,277,25,2026-07-13
1674,4,174,90,39,2026-07-13
1675,4,175,18,21,2026-07-13
1676,4,176,255,38,2026-07-13
1677,4,177,247,26,2026-07-13
1678,4,178,400,16,2026-07-13
1679,4,179,79,47,2026-07-13
1680,4,180,381,43,2026-07-13
1681,4,181,234,35,2026-07-13
1682,4,182,242,19,2026-07-13
1683,4,183,419,36,2026-07-13
1684,4,184,267,31,2026-07-13
1685,4,185,485,26,2026-07-13
1686,4,186,214,18,2026-07-13
1687,4,187,376,37,2026-07-13
1688,4,188,369,20,2026-07-13
1689,4,189,490,42,2026-07-13
1690,4,190,151,36,2026-07-13
1691,4,191,338,21,2026-07-13
1692,4,192,18,18,2026-07-13
1693,4,193,388,28,2026-07-13
1694,4,194,160,13,2026-07-13
1695,4,195,276,15,2026-07-13
1696,4,196,226,12,2026-07-13
1697,4,197,107,14,2026-07-13
1698,4,198,131,28,2026-07-13
1699,4,199,417,18,2026-07-13
1700,4,200,442,38,2026-07-13
1701,4,201,385,40,2026-07-13
1702,4,202,280,46,2026-07-13
1703,4,203,121,27,2026-07-13
1704,4,204,14,37,2026-07-13
1705,4,205,244,36,2026-07-13
1706,4,206,361,20,2026-07-13
1707,4,207,125,38,2026-07-13
1708,4,208,352,17,2026-07-13
1709,4,209,35,26,2026-07-13
1710,4,210,139,13,2026-07-13
1711,4,211,186,42,2026-07-13
1712,4,212,176,27,2026-07-13
1713,4,213,299,16,2026-07-13
1714,4,214,388,20,2026-07-13
1715,4,215,434,29,2026-07-13
1716,4,216,286,19,2026-07-13
1717,4,217,480,10,2026-07-13
1718,4,218,162,38,2026-07-13
1719,4,219,338,23,2026-07-13
1720,4,220,282,22,2026-07-13
1721,4,221,296,37,2026-07-13
1722,4,222,280,31,2026-07-13
1723,4,223,54,18,2026-07-13
1724,4,224,378,40,2026-07-13
1725,4,225,375,22,2026-07-13
1726,4,226,317,36,2026-07-13
1727,4,227,252,23,2026-07-13
1728,4,228,380,27,2026-07-13
1729,4,229,58,28,2026-07-13
1730,4,230,406,26,2026-07-13
1731,4,231,443,18,2026-07-13
1732,4,232,400,45,2026-07-13
1733,4,233,85,15,2026-07-13
1734,4,234,388,39,2026-07-13
1735,4,235,465,36,2026-07-13
1736,4,236,492,48,2026-07-13
1737,4,237,94,11,2026-07-13
1738,4,238,344,41,2026-07-13
1739,4,239,54,33,2026-07-13
1740,4,240,24,33,2026-07-13
1741,4,241,437,40,2026-07-13
1742,4,242,37,35,2026-07-13
1743,4,243,221,18,2026-07-13
1744,4,244,49,11,2026-07-13
1745,4,245,218,30,2026-07-13
1746,4,246,373,34,2026-07-13
1747,4,247,412,49,2026-07-13
1748,4,248,350,13,2026-07-13
1749,4,249,180,46,2026-07-13
1750,4,250,267,27,2026-07-13
1751,4,251,185,47,2026-07-13
1752,4,252,144,18,2026-07-13
1753,4,253,235,25,2026-07-13
1754,4,254,263,17,2026-07-13
1755,4,255,442,29,2026-07-13
1756,4,256,249,18,2026-07-13
1757,4,257,70,36,2026-07-13
1758,4,258,109,22,2026-07-13
1759,4,259,277,36,2026-07-13
1760,4,260,377,33,2026-07-13
1761,4,261,345,46,2026-07-13
1762,4,262,200,17,2026-07-13
1763,4,263,318,48,2026-07-13
1764,4,264,174,50,2026-07-13
1765,4,265,346,35,2026-07-13
1766,4,266,209,46,2026-07-13
1767,4,267,263,39,2026-07-13
1768,4,268,97,44,2026-07-13
1769,4,269,185,45,2026-07-13
1770,4,270,451,33,2026-07-13
1771,4,271,500,37,2026-07-13
1772,4,272,457,16,2026-07-13
1773,4,273,221,45,2026-07-13
1774,4,274,159,42,2026-07-13
1775,4,275,459,18,2026-07-13
1776,4,276,271,48,2026-07-13
1777,4,277,132,27,2026-07-13
1778,4,278,330,34,2026-07-13
1779,4,279,342,34,2026-07-13
1780,4,280,293,50,2026-07-13
1781,4,281,16,26,2026-07-13
1782,4,282,51,23,2026-07-13
1783,4,283,483,35,2026-07-13
1784,4,284,33,44,2026-07-13
1785,4,285,466,17,2026-07-13
1786,4,286,194,39,2026-07-13
1787,4,287,117,15,2026-07-13
1788,4,288,232,39,2026-07-13
1789,4,289,329,19,2026-07-13
1790,4,290,207,25,2026-07-13
1791,4,291,95,43,2026-07-13
1792,4,292,419,26,2026-07-13
1793,4,293,199,47,2026-07-13
1794,4,294,296,34,2026-07-13
1795,4,295,285,29,2026-07-13
1796,4,296,346,17,2026-07-13
1797,4,297,33,28,2026-07-13
1798,4,298,221,33,2026-07-13
1799,4,299,286,33,2026-07-13
1800,4,300,305,12,2026-07-13
1801,4,301,313,26,2026-07-13
1802,4,302,198,41,2026-07-13
1803,4,303,376,34,2026-07-13
1804,4,304,165,36,2026-07-13
1805,4,305,398,29,2026-07-13
1806,4,306,398,11,2026-07-13
1807,4,307,74,17,2026-07-13
1808,4,308,422,39,2026-07-13
1809,4,309,344,50,2026-07-13
1810,4,310,466,49,2026-07-13
1811,4,311,436,33,2026-07-13
1812,4,312,181,37,2026-07-13
1813,4,313,71,20,2026-07-13
1814,4,314,382,48,2026-07-13
1815,4,315,287,47,2026-07-13
1816,4,316,445,19,2026-07-13
1817,4,317,431,42,2026-07-13
1818,4,318,91,19,2026-07-13
1819,4,319,79,49,2026-07-13
1820,4,320,337,12,2026-07-13
1821,4,321,264,40,2026-07-13
1822,4,322,153,18,2026-07-13
1823,4,323,204,32,2026-07-13
1824,4,324,254,34,2026-07-13
1825,4,325,197,26,2026-07-13
1826,4,326,340,35,2026-07-13
1827,4,327,444,12,2026-07-13
1828,4,328,47,30,2026-07-13
1829,4,329,447,41,2026-07-13
1830,4,330,236,26,2026-07-13
1831,4,331,295,11,2026-07-13
1832,4,332,25,14,2026-07-13
1833,4,333,46,44,2026-07-13
1834,4,334,379,39,2026-07-13
1835,4,335,236,41,2026-07-13
1836,4,336,405,35,2026-07-13
1837,4,337,261,30,2026-07-13
1838,4,338,461,28,2026-07-13
1839,4,339,438,49,2026-07-13
1840,4,340,47,18,2026-07-13
1841,4,341,95,44,2026-07-13
1842,4,342,84,31,2026-07-13
1843,4,343,475,13,2026-07-13
1844,4,344,58,27,2026-07-13
1845,4,345,84,48,2026-07-13
1846,4,346,221,13,2026-07-13
1847,4,347,122,48,2026-07-13
1848,4,348,158,22,2026-07-13
1849,4,349,269,21,2026-07-13
1850,4,350,183,50,2026-07-13
1851,4,351,287,26,2026-07-13
1852,4,352,485,26,2026-07-13
1853,4,353,134,47,2026-07-13
1854,4,354,476,24,2026-07-13
1855,4,355,316,19,2026-07-13
1856,4,356,66,38,2026-07-13
1857,4,357,465,11,2026-07-13
1858,4,358,111,10,2026-07-13
1859,4,359,292,36,2026-07-13
1860,4,360,280,46,2026-07-13
1861,4,361,198,41,2026-07-13
1862,4,362,110,29,2026-07-13
1863,4,363,422,19,2026-07-13
1864,4,364,362,21,2026-07-13
1865,4,365,390,43,2026-07-13
1866,4,366,212,44,2026-07-13
1867,4,367,279,42,2026-07-13
1868,4,368,69,26,2026-07-13
1869,4,369,21,47,2026-07-13
1870,4,370,31,36,2026-07-13
1871,4,371,403,21,2026-07-13
1872,4,372,175,38,2026-07-13
1873,4,373,370,24,2026-07-13
1874,4,374,31,23,2026-07-13
1875,4,375,146,41,2026-07-13
1876,4,376,313,39,2026-07-13
1877,4,377,360,40,2026-07-13
1878,4,378,78,44,2026-07-13
1879,4,379,51,42,2026-07-13
1880,4,380,271,20,2026-07-13
1881,4,381,394,27,2026-07-13
1882,4,382,361,43,2026-07-13
1883,4,383,222,40,2026-07-13
1884,4,384,139,17,2026-07-13
1885,4,385,139,12,2026-07-13
1886,4,386,490,27,2026-07-13
1887,4,387,45,43,2026-07-13
1888,4,388,286,18,2026-07-13
1889,4,389,193,18,2026-07-13
1890,4,390,414,15,2026-07-13
1891,4,391,76,47,2026-07-13
1892,4,392,450,26,2026-07-13
1893,4,393,199,32,2026-07-13
1894,4,394,367,35,2026-07-13
1895,4,395,319,39,2026-07-13
1896,4,396,98,14,2026-07-13
1897,4,397,324,42,2026-07-13
1898,4,398,321,12,2026-07-13
1899,4,399,207,30,2026-07-13
1900,4,400,241,17,2026-07-13
1901,4,401,322,23,2026-07-13
1902,4,402,374,16,2026-07-13
1903,4,403,328,15,2026-07-13
1904,4,404,288,46,2026-07-13
1905,4,405,116,32,2026-07-13
1906,4,406,375,28,2026-07-13
1907,4,407,399,23,2026-07-13
1908,4,408,444,34,2026-07-13
1909,4,409,170,27,2026-07-13
1910,4,410,488,45,2026-07-13
1911,4,411,360,37,2026-07-13
1912,4,412,43,10,2026-07-13
1913,4,413,441,38,2026-07-13
1914,4,414,496,36,2026-07-13
1915,4,415,380,40,2026-07-13
1916,4,416,112,29,2026-07-13
1917,4,417,96,22,2026-07-13
1918,4,418,20,37,2026-07-13
1919,4,419,464,23,2026-07-13
1920,4,420,240,10,2026-07-13
1921,4,421,228,34,2026-07-13
1922,4,422,70,34,2026-07-13
1923,4,423,313,31,2026-07-13
1924,4,424,19,48,2026-07-13
1925,4,425,329,23,2026-07-13
1926,4,426,473,19,2026-07-13
1927,4,427,269,28,2026-07-13
1928,4,428,205,44,2026-07-13
1929,4,429,491,29,2026-07-13
1930,4,430,84,44,2026-07-13
1931,4,431,423,21,2026-07-13
1932,4,432,92,35,2026-07-13
1933,4,433,345,36,2026-07-13
1934,4,434,485,50,2026-07-13
1935,4,435,495,48,2026-07-13
1936,4,436,67,22,2026-07-13
1937,4,437,165,21,2026-07-13
1938,4,438,299,44,2026-07-13
1939,4,439,115,21,2026-07-13
1940,4,440,29,18,2026-07-13
1941,4,441,13,17,2026-07-13
1942,4,442,214,24,2026-07-13
1943,4,443,422,20,2026-07-13
1944,4,444,265,47,2026-07-13
1945,4,445,341,18,2026-07-13
1946,4,446,191,21,2026-07-13
1947,4,447,131,28,2026-07-13
1948,4,448,240,33,2026-07-13
1949,4,449,323,48,2026-07-13
1950,4,450,255,34,2026-07-13
1951,4,451,261,40,2026-07-13
1952,4,452,400,21,2026-07-13
1953,4,453,77,50,2026-07-13
1954,4,454,19,30,2026-07-13
1955,4,455,67,31,2026-07-13
1956,4,456,145,38,2026-07-13
1957,4,457,84,10,2026-07-13
1958,4,458,290,42,2026-07-13
1959,4,459,112,21,2026-07-13
1960,4,460,270,27,2026-07-13
1961,4,461,261,28,2026-07-13
1962,4,462,279,36,2026-07-13
1963,4,463,319,16,2026-07-13
1964,4,464,83,23,2026-07-13
1965,4,465,472,20,2026-07-13
1966,4,466,335,35,2026-07-13
1967,4,467,326,47,2026-07-13
1968,4,468,201,11,2026-07-13
1969,4,469,453,21,2026-07-13
1970,4,470,283,33,2026-07-13
1971,4,471,165,27,2026-07-13
1972,4,472,368,47,2026-07-13
1973,4,473,269,48,2026-07-13
1974,4,474,35,21,2026-07-13
1975,4,475,80,31,2026-07-13
1976,4,476,268,34,2026-07-13
1977,4,477,54,28,2026-07-13
1978,4,478,194,25,2026-07-13
1979,4,479,163,48,2026-07-13
1980,4,480,324,28,2026-07-13
1981,4,481,73,15,2026-07-13
1982,4,482,274,23,2026-07-13
1983,4,483,120,17,2026-07-13
1984,4,484,484,35,2026-07-13
1985,4,485,19,39,2026-07-13
1986,4,486,470,14,2026-07-13
1987,4,487,163,34,2026-07-13
1988,4,488,436,11,2026-07-13
1989,4,489,347,48,2026-07-13
1990,4,490,445,49,2026-07-13
1991,4,491,196,20,2026-07-13
1992,4,492,410,35,2026-07-13
1993,4,493,12,14,2026-07-13
1994,4,494,120,34,2026-07-13
1995,4,495,102,35,2026-07-13
1996,4,496,375,26,2026-07-13
1997,4,497,249,15,2026-07-13
1998,4,498,453,38,2026-07-13
1999,4,499,473,39,2026-07-13
2000,4,500,73,40,2026-07-13
2001,5,1,236,30,2026-07-13
2002,5,2,80,30,2026-07-13
2003,5,3,293,28,2026-07-13
2004,5,4,138,13,2026-07-13
2005,5,5,160,18,2026-07-13
2006,5,6,229,42,2026-07-13
2007,5,7,92,24,2026-07-13
2008,5,8,274,28,2026-07-13
2009,5,9,158,23,2026-07-13
2010,5,10,95,37,2026-07-13
2011,5,11,288,17,2026-07-13
2012,5,12,76,43,2026-07-13
2013,5,13,393,47,2026-07-13
2014,5,14,283,17,2026-07-13
2015,5,15,219,45,2026-07-13
2016,5,16,436,25,2026-07-13
2017,5,17,214,13,2026-07-13
2018,5,18,281,39,2026-07-13
2019,5,19,232,48,2026-07-13
2020,5,20,422,47,2026-07-13
2021,5,21,129,50,2026-07-13
2022,5,22,247,26,2026-07-13
2023,5,23,500,33,2026-07-13
2024,5,24,314,26,2026-07-13
2025,5,25,125,13,2026-07-13
2026,5,26,242,38,2026-07-13
2027,5,27,262,39,2026-07-13
2028,5,28,272,14,2026-07-13
2029,5,29,69,35,2026-07-13
2030,5,30,274,18,2026-07-13
2031,5,31,286,38,2026-07-13
2032,5,32,294,32,2026-07-13
2033,5,33,213,14,2026-07-13
2034,5,34,310,46,2026-07-13
2035,5,35,419,22,2026-07-13
2036,5,36,16,17,2026-07-13
2037,5,37,76,14,2026-07-13
2038,5,38,103,42,2026-07-13
2039,5,39,38,14,2026-07-13
2040,5,40,367,43,2026-07-13
2041,5,41,58,36,2026-07-13
2042,5,42,44,30,2026-07-13
2043,5,43,21,19,2026-07-13
2044,5,44,484,10,2026-07-13
2045,5,45,77,47,2026-07-13
2046,5,46,437,16,2026-07-13
2047,5,47,333,39,2026-07-13
2048,5,48,429,23,2026-07-13
2049,5,49,29,21,2026-07-13
2050,5,50,240,43,2026-07-13
2051,5,51,342,37,2026-07-13
2052,5,52,69,36,2026-07-13
2053,5,53,166,18,2026-07-13
2054,5,54,15,41,2026-07-13
2055,5,55,107,48,2026-07-13
2056,5,56,49,21,2026-07-13
2057,5,57,388,13,2026-07-13
2058,5,58,304,42,2026-07-13
2059,5,59,161,13,2026-07-13
2060,5,60,97,18,2026-07-13
2061,5,61,259,32,2026-07-13
2062,5,62,30,33,2026-07-13
2063,5,63,67,48,2026-07-13
2064,5,64,268,41,2026-07-13
2065,5,65,124,16,2026-07-13
2066,5,66,219,25,2026-07-13
2067,5,67,474,44,2026-07-13
2068,5,68,489,43,2026-07-13
2069,5,69,216,31,2026-07-13
2070,5,70,26,38,2026-07-13
2071,5,71,482,41,2026-07-13
2072,5,72,320,33,2026-07-13
2073,5,73,298,22,2026-07-13
2074,5,74,139,39,2026-07-13
2075,5,75,344,46,2026-07-13
2076,5,76,30,48,2026-07-13
2077,5,77,16,30,2026-07-13
2078,5,78,419,33,2026-07-13
2079,5,79,56,45,2026-07-13
2080,5,80,488,10,2026-07-13
2081,5,81,151,11,2026-07-13
2082,5,82,77,41,2026-07-13
2083,5,83,332,40,2026-07-13
2084,5,84,425,19,2026-07-13
2085,5,85,278,23,2026-07-13
2086,5,86,272,42,2026-07-13
2087,5,87,32,43,2026-07-13
2088,5,88,117,37,2026-07-13
2089,5,89,62,13,2026-07-13
2090,5,90,299,33,2026-07-13
2091,5,91,142,45,2026-07-13
2092,5,92,405,12,2026-07-13
2093,5,93,47,22,2026-07-13
2094,5,94,160,39,2026-07-13
2095,5,95,171,14,2026-07-13
2096,5,96,100,11,2026-07-13
2097,5,97,457,18,2026-07-13
2098,5,98,326,46,2026-07-13
2099,5,99,55,34,2026-07-13
2100,5,100,497,48,2026-07-13
2101,5,101,453,22,2026-07-13
2102,5,102,103,23,2026-07-13
2103,5,103,170,38,2026-07-13
2104,5,104,314,44,2026-07-13
2105,5,105,242,31,2026-07-13
2106,5,106,498,10,2026-07-13
2107,5,107,381,48,2026-07-13
2108,5,108,143,21,2026-07-13
2109,5,109,125,16,2026-07-13
2110,5,110,490,34,2026-07-13
2111,5,111,147,44,2026-07-13
2112,5,112,346,26,2026-07-13
2113,5,113,11,25,2026-07-13
2114,5,114,489,43,2026-07-13
2115,5,115,51,32,2026-07-13
2116,5,116,18,19,2026-07-13
2117,5,117,491,12,2026-07-13
2118,5,118,310,21,2026-07-13
2119,5,119,381,30,2026-07-13
2120,5,120,269,36,2026-07-13
2121,5,121,81,20,2026-07-13
2122,5,122,65,20,2026-07-13
2123,5,123,420,28,2026-07-13
2124,5,124,269,40,2026-07-13
2125,5,125,386,17,2026-07-13
2126,5,126,428,10,2026-07-13
2127,5,127,160,16,2026-07-13
2128,5,128,134,34,2026-07-13
2129,5,129,400,15,2026-07-13
2130,5,130,359,27,2026-07-13
2131,5,131,351,32,2026-07-13
2132,5,132,492,14,2026-07-13
2133,5,133,345,45,2026-07-13
2134,5,134,86,18,2026-07-13
2135,5,135,119,10,2026-07-13
2136,5,136,205,38,2026-07-13
2137,5,137,89,35,2026-07-13
2138,5,138,22,28,2026-07-13
2139,5,139,12,48,2026-07-13
2140,5,140,38,41,2026-07-13
2141,5,141,243,36,2026-07-13
2142,5,142,132,35,2026-07-13
2143,5,143,67,27,2026-07-13
2144,5,144,457,25,2026-07-13
2145,5,145,399,42,2026-07-13
2146,5,146,396,42,2026-07-13
2147,5,147,387,39,2026-07-13
2148,5,148,70,31,2026-07-13
2149,5,149,298,47,2026-07-13
2150,5,150,15,40,2026-07-13
2151,5,151,372,23,2026-07-13
2152,5,152,470,15,2026-07-13
2153,5,153,240,28,2026-07-13
2154,5,154,496,36,2026-07-13
2155,5,155,316,43,2026-07-13
2156,5,156,368,48,2026-07-13
2157,5,157,312,42,2026-07-13
2158,5,158,47,36,2026-07-13
2159,5,159,84,29,2026-07-13
2160,5,160,123,47,2026-07-13
2161,5,161,218,16,2026-07-13
2162,5,162,240,38,2026-07-13
2163,5,163,105,25,2026-07-13
2164,5,164,413,42,2026-07-13
2165,5,165,335,24,2026-07-13
2166,5,166,72,38,2026-07-13
2167,5,167,229,11,2026-07-13
2168,5,168,265,34,2026-07-13
2169,5,169,339,25,2026-07-13
2170,5,170,152,40,2026-07-13
2171,5,171,77,11,2026-07-13
2172,5,172,221,26,2026-07-13
2173,5,173,171,43,2026-07-13
2174,5,174,345,25,2026-07-13
2175,5,175,470,39,2026-07-13
2176,5,176,348,17,2026-07-13
2177,5,177,410,50,2026-07-13
2178,5,178,306,48,2026-07-13
2179,5,179,414,26,2026-07-13
2180,5,180,194,28,2026-07-13
2181,5,181,53,14,2026-07-13
2182,5,182,498,18,2026-07-13
2183,5,183,149,38,2026-07-13
2184,5,184,429,19,2026-07-13
2185,5,185,45,24,2026-07-13
2186,5,186,332,19,2026-07-13
2187,5,187,187,21,2026-07-13
2188,5,188,240,18,2026-07-13
2189,5,189,149,37,2026-07-13
2190,5,190,250,49,2026-07-13
2191,5,191,442,34,2026-07-13
2192,5,192,106,40,2026-07-13
2193,5,193,434,44,2026-07-13
2194,5,194,20,37,2026-07-13
2195,5,195,401,33,2026-07-13
2196,5,196,457,12,2026-07-13
2197,5,197,357,22,2026-07-13
2198,5,198,478,27,2026-07-13
2199,5,199,439,18,2026-07-13
2200,5,200,70,47,2026-07-13
2201,5,201,462,45,2026-07-13
2202,5,202,100,34,2026-07-13
2203,5,203,144,17,2026-07-13
2204,5,204,447,22,2026-07-13
2205,5,205,181,28,2026-07-13
2206,5,206,217,41,2026-07-13
2207,5,207,248,45,2026-07-13
2208,5,208,344,16,2026-07-13
2209,5,209,478,33,2026-07-13
2210,5,210,416,11,2026-07-13
2211,5,211,263,29,2026-07-13
2212,5,212,109,47,2026-07-13
2213,5,213,244,35,2026-07-13
2214,5,214,267,38,2026-07-13
2215,5,215,198,24,2026-07-13
2216,5,216,480,31,2026-07-13
2217,5,217,401,19,2026-07-13
2218,5,218,54,18,2026-07-13
2219,5,219,79,39,2026-07-13
2220,5,220,342,20,2026-07-13
2221,5,221,425,12,2026-07-13
2222,5,222,261,20,2026-07-13
2223,5,223,438,35,2026-07-13
2224,5,224,221,21,2026-07-13
2225,5,225,227,38,2026-07-13
2226,5,226,35,17,2026-07-13
2227,5,227,492,25,2026-07-13
2228,5,228,369,29,2026-07-13
2229,5,229,83,31,2026-07-13
2230,5,230,176,30,2026-07-13
2231,5,231,96,28,2026-07-13
2232,5,232,161,20,2026-07-13
2233,5,233,414,46,2026-07-13
2234,5,234,135,28,2026-07-13
2235,5,235,500,23,2026-07-13
2236,5,236,210,48,2026-07-13
2237,5,237,395,37,2026-07-13
2238,5,238,472,28,2026-07-13
2239,5,239,350,31,2026-07-13
2240,5,240,109,14,2026-07-13
2241,5,241,281,11,2026-07-13
2242,5,242,343,46,2026-07-13
2243,5,243,244,38,2026-07-13
2244,5,244,452,18,2026-07-13
2245,5,245,337,10,2026-07-13
2246,5,246,102,26,2026-07-13
2247,5,247,41,27,2026-07-13
2248,5,248,85,42,2026-07-13
2249,5,249,184,12,2026-07-13
2250,5,250,316,21,2026-07-13
2251,5,251,99,10,2026-07-13
2252,5,252,450,45,2026-07-13
2253,5,253,416,23,2026-07-13
2254,5,254,104,29,2026-07-13
2255,5,255,368,33,2026-07-13
2256,5,256,18,36,2026-07-13
2257,5,257,187,24,2026-07-13
2258,5,258,297,47,2026-07-13
2259,5,259,227,32,2026-07-13
2260,5,260,201,41,2026-07-13
2261,5,261,246,30,2026-07-13
2262,5,262,189,30,2026-07-13
2263,5,263,325,43,2026-07-13
2264,5,264,462,14,2026-07-13
2265,5,265,180,38,2026-07-13
2266,5,266,188,50,2026-07-13
2267,5,267,460,24,2026-07-13
2268,5,268,168,16,2026-07-13
2269,5,269,264,24,2026-07-13
2270,5,270,378,14,2026-07-13
2271,5,271,45,20,2026-07-13
2272,5,272,477,41,2026-07-13
2273,5,273,289,30,2026-07-13
2274,5,274,116,44,2026-07-13
2275,5,275,198,30,2026-07-13
2276,5,276,183,16,2026-07-13
2277,5,277,494,48,2026-07-13
2278,5,278,487,47,2026-07-13
2279,5,279,63,14,2026-07-13
2280,5,280,424,44,2026-07-13
2281,5,281,18,41,2026-07-13
2282,5,282,225,38,2026-07-13
2283,5,283,226,23,2026-07-13
2284,5,284,469,39,2026-07-13
2285,5,285,500,20,2026-07-13
2286,5,286,434,20,2026-07-13
2287,5,287,347,12,2026-07-13
2288,5,288,293,10,2026-07-13
2289,5,289,210,28,2026-07-13
2290,5,290,185,17,2026-07-13
2291,5,291,254,25,2026-07-13
2292,5,292,207,21,2026-07-13
2293,5,293,190,26,2026-07-13
2294,5,294,356,38,2026-07-13
2295,5,295,298,19,2026-07-13
2296,5,296,476,33,2026-07-13
2297,5,297,40,13,2026-07-13
2298,5,298,218,37,2026-07-13
2299,5,299,34,40,2026-07-13
2300,5,300,85,22,2026-07-13
2301,5,301,51,37,2026-07-13
2302,5,302,408,31,2026-07-13
2303,5,303,79,34,2026-07-13
2304,5,304,130,28,2026-07-13
2305,5,305,430,25,2026-07-13
2306,5,306,28,27,2026-07-13
2307,5,307,27,11,2026-07-13
2308,5,308,341,36,2026-07-13
2309,5,309,253,21,2026-07-13
2310,5,310,434,22,2026-07-13
2311,5,311,293,22,2026-07-13
2312,5,312,398,21,2026-07-13
2313,5,313,123,29,2026-07-13
2314,5,314,385,17,2026-07-13
2315,5,315,251,16,2026-07-13
2316,5,316,66,46,2026-07-13
2317,5,317,298,47,2026-07-13
2318,5,318,368,17,2026-07-13
2319,5,319,198,16,2026-07-13
2320,5,320,232,16,2026-07-13
2321,5,321,397,24,2026-07-13
2322,5,322,411,15,2026-07-13
2323,5,323,360,12,2026-07-13
2324,5,324,37,43,2026-07-13
2325,5,325,372,28,2026-07-13
2326,5,326,211,15,2026-07-13
2327,5,327,112,37,2026-07-13
2328,5,328,114,12,2026-07-13
2329,5,329,262,32,2026-07-13
2330,5,330,312,21,2026-07-13
2331,5,331,235,27,2026-07-13
2332,5,332,301,19,2026-07-13
2333,5,333,247,30,2026-07-13
2334,5,334,254,47,2026-07-13
2335,5,335,493,44,2026-07-13
2336,5,336,75,41,2026-07-13
2337,5,337,381,17,2026-07-13
2338,5,338,393,28,2026-07-13
2339,5,339,260,11,2026-07-13
2340,5,340,160,14,2026-07-13
2341,5,341,51,17,2026-07-13
2342,5,342,163,44,2026-07-13
2343,5,343,357,33,2026-07-13
2344,5,344,323,13,2026-07-13
2345,5,345,194,50,2026-07-13
2346,5,346,499,49,2026-07-13
2347,5,347,93,41,2026-07-13
2348,5,348,297,15,2026-07-13
2349,5,349,238,35,2026-07-13
2350,5,350,365,27,2026-07-13
2351,5,351,13,37,2026-07-13
2352,5,352,460,26,2026-07-13
2353,5,353,108,21,2026-07-13
2354,5,354,207,34,2026-07-13
2355,5,355,163,33,2026-07-13
2356,5,356,159,32,2026-07-13
2357,5,357,422,29,2026-07-13
2358,5,358,24,40,2026-07-13
2359,5,359,38,46,2026-07-13
2360,5,360,186,37,2026-07-13
2361,5,361,111,39,2026-07-13
2362,5,362,304,37,2026-07-13
2363,5,363,380,48,2026-07-13
2364,5,364,215,43,2026-07-13
2365,5,365,459,31,2026-07-13
2366,5,366,299,41,2026-07-13
2367,5,367,167,33,2026-07-13
2368,5,368,238,27,2026-07-13
2369,5,369,388,38,2026-07-13
2370,5,370,244,15,2026-07-13
2371,5,371,270,37,2026-07-13
2372,5,372,331,45,2026-07-13
2373,5,373,49,23,2026-07-13
2374,5,374,110,20,2026-07-13
2375,5,375,76,38,2026-07-13
2376,5,376,75,32,2026-07-13
2377,5,377,482,18,2026-07-13
2378,5,378,153,37,2026-07-13
2379,5,379,120,16,2026-07-13
2380,5,380,460,18,2026-07-13
2381,5,381,406,38,2026-07-13
2382,5,382,96,29,2026-07-13
2383,5,383,419,22,2026-07-13
2384,5,384,272,42,2026-07-13
2385,5,385,195,10,2026-07-13
2386,5,386,67,23,2026-07-13
2387,5,387,495,34,2026-07-13
2388,5,388,56,21,2026-07-13
2389,5,389,317,38,2026-07-13
2390,5,390,17,10,2026-07-13
2391,5,391,230,20,2026-07-13
2392,5,392,98,48,2026-07-13
2393,5,393,333,50,2026-07-13
2394,5,394,50,18,2026-07-13
2395,5,395,73,19,2026-07-13
2396,5,396,61,47,2026-07-13
2397,5,397,419,50,2026-07-13
2398,5,398,439,20,2026-07-13
2399,5,399,249,42,2026-07-13
2400,5,400,141,20,2026-07-13
2401,5,401,264,43,2026-07-13
2402,5,402,367,39,2026-07-13
2403,5,403,178,21,2026-07-13
2404,5,404,498,32,2026-07-13
2405,5,405,411,48,2026-07-13
2406,5,406,163,19,2026-07-13
2407,5,407,289,48,2026-07-13
2408,5,408,314,41,2026-07-13
2409,5,409,75,37,2026-07-13
2410,5,410,494,15,2026-07-13
2411,5,411,338,44,2026-07-13
2412,5,412,98,20,2026-07-13
2413,5,413,272,42,2026-07-13
2414,5,414,83,17,2026-07-13
2415,5,415,301,49,2026-07-13
2416,5,416,465,32,2026-07-13
2417,5,417,56,26,2026-07-13
2418,5,418,314,10,2026-07-13
2419,5,419,263,11,2026-07-13
2420,5,420,400,13,2026-07-13
2421,5,421,170,20,2026-07-13
2422,5,422,393,35,2026-07-13
2423,5,423,349,46,2026-07-13
2424,5,424,310,17,2026-07-13
2425,5,425,326,17,2026-07-13
2426,5,426,455,23,2026-07-13
2427,5,427,87,44,2026-07-13
2428,5,428,131,24,2026-07-13
2429,5,429,27,37,2026-07-13
2430,5,430,145,48,2026-07-13
2431,5,431,358,19,2026-07-13
2432,5,432,15,31,2026-07-13
2433,5,433,382,48,2026-07-13
2434,5,434,29,50,2026-07-13
2435,5,435,174,20,2026-07-13
2436,5,436,439,20,2026-07-13
2437,5,437,104,48,2026-07-13
2438,5,438,306,23,2026-07-13
2439,5,439,201,45,2026-07-13
2440,5,440,364,16,2026-07-13
2441,5,441,428,43,2026-07-13
2442,5,442,299,14,2026-07-13
2443,5,443,278,33,2026-07-13
2444,5,444,257,15,2026-07-13
2445,5,445,189,22,2026-07-13
2446,5,446,471,20,2026-07-13
2447,5,447,11,33,2026-07-13
2448,5,448,295,31,2026-07-13
2449,5,449,27,23,2026-07-13
2450,5,450,43,50,2026-07-13
2451,5,451,334,26,2026-07-13
2452,5,452,246,27,2026-07-13
2453,5,453,163,49,2026-07-13
2454,5,454,380,33,2026-07-13
2455,5,455,347,42,2026-07-13
2456,5,456,221,22,2026-07-13
2457,5,457,257,49,2026-07-13
2458,5,458,449,10,2026-07-13
2459,5,459,62,14,2026-07-13
2460,5,460,121,45,2026-07-13
2461,5,461,170,49,2026-07-13
2462,5,462,278,33,2026-07-13
2463,5,463,56,18,2026-07-13
2464,5,464,271,29,2026-07-13
2465,5,465,340,38,2026-07-13
2466,5,466,352,11,2026-07-13
2467,5,467,197,42,2026-07-13
2468,5,468,228,10,2026-07-13
2469,5,469,91,32,2026-07-13
2470,5,470,209,50,2026-07-13
2471,5,471,171,20,2026-07-13
2472,5,472,126,19,2026-07-13
2473,5,473,187,38,2026-07-13
2474,5,474,480,17,2026-07-13
2475,5,475,181,26,2026-07-13
2476,5,476,150,44,2026-07-13
2477,5,477,373,44,2026-07-13
2478,5,478,305,45,2026-07-13
2479,5,479,235,48,2026-07-13
2480,5,480,304,32,2026-07-13
2481,5,481,433,13,2026-07-13
2482,5,482,322,15,2026-07-13
2483,5,483,162,13,2026-07-13
2484,5,484,319,11,2026-07-13
2485,5,485,169,34,2026-07-13
2486,5,486,163,18,2026-07-13
2487,5,487,402,37,2026-07-13
2488,5,488,172,18,2026-07-13
2489,5,489,175,19,2026-07-13
2490,5,490,454,15,2026-07-13
2491,5,491,191,16,2026-07-13
2492,5,492,15,15,2026-07-13
2493,5,493,328,40,2026-07-13
2494,5,494,278,45,2026-07-13
2495,5,495,233,24,2026-07-13
2496,5,496,279,22,2026-07-13
2497,5,497,65,12,2026-07-13
2498,5,498,460,19,2026-07-13
2499,5,499,277,24,2026-07-13
2500,5,500,449,38,2026-07-13
